-- phpMyAdmin SQL Dump
-- version 5.2.0
-- https://www.phpmyadmin.net/
--
-- Хост: 127.0.0.1:3306
-- Время создания: Июн 18 2026 г., 15:16
-- Версия сервера: 8.0.30
-- Версия PHP: 7.2.34

SET SQL_MODE = "NO_AUTO_VALUE_ON_ZERO";
START TRANSACTION;
SET time_zone = "+00:00";


/*!40101 SET @OLD_CHARACTER_SET_CLIENT=@@CHARACTER_SET_CLIENT */;
/*!40101 SET @OLD_CHARACTER_SET_RESULTS=@@CHARACTER_SET_RESULTS */;
/*!40101 SET @OLD_COLLATION_CONNECTION=@@COLLATION_CONNECTION */;
/*!40101 SET NAMES utf8mb4 */;

--
-- База данных: `mirpsy_edication`
--

-- --------------------------------------------------------

--
-- Структура таблицы `about`
--

CREATE TABLE `about` (
  `id` int NOT NULL,
  `title` varchar(150) CHARACTER SET utf8mb4 COLLATE utf8mb4_general_ci NOT NULL,
  `name` varchar(150) CHARACTER SET utf8mb4 COLLATE utf8mb4_general_ci NOT NULL,
  `image` varchar(64) CHARACTER SET utf8mb4 COLLATE utf8mb4_general_ci NOT NULL,
  `type` varchar(100) CHARACTER SET utf8mb4 COLLATE utf8mb4_general_ci NOT NULL
) ENGINE=InnoDB DEFAULT CHARSET=utf8mb4 COLLATE=utf8mb4_general_ci;

--
-- Дамп данных таблицы `about`
--

INSERT INTO `about` (`id`, `title`, `name`, `image`, `type`) VALUES
(1, 'Что умеет платформа', 'учебные материалы<br>по темам', '/assets/img/books.png', 'feature'),
(2, '', 'отслеживание прогресса<br>по группам', '/assets/img/attendance.png', 'feature'),
(3, '', 'площадка для<br>студенческих работ', '/assets/img/project.png', 'feature'),
(4, 'Для кого создан проект', 'преподаватель:<br>управление темами<br>и оценками', '/assets/img/teacher.png', 'target'),
(5, '', 'студент:<br>доступ к материалам<br>и практике', '/assets/img/student.png', 'target'),
(6, '', 'тьютор:<br>управление<br>группами', '/assets/img/tutor.png', 'target'),
(7, 'Команда разработчиков', 'Рагазина<br>Елена<br>Алексеевна', 'assets/img/dev1.jpg', 'team'),
(8, '', 'Наумов<br>Антон<br>Алексеевич', 'assets/img/dev2.jpg', 'team'),
(9, '', 'Фатахова<br>Сюмбель<br>Сагитовна', 'assets/img/dev3.jpg', 'team');

-- --------------------------------------------------------

--
-- Структура таблицы `class`
--

CREATE TABLE `class` (
  `id` int NOT NULL,
  `type` enum('lection','practice') NOT NULL,
  `date` date NOT NULL,
  `group_id` int NOT NULL,
  `discipline_id` int NOT NULL,
  `theme` varchar(50) NOT NULL
) ENGINE=InnoDB DEFAULT CHARSET=utf8mb3;

--
-- Дамп данных таблицы `class`
--

INSERT INTO `class` (`id`, `type`, `date`, `group_id`, `discipline_id`, `theme`) VALUES
(1, 'lection', '2022-01-14', 4, 1, ''),
(2, 'lection', '2022-01-14', 5, 1, ''),
(3, 'lection', '2022-01-21', 4, 1, ''),
(4, 'lection', '2022-01-21', 5, 1, ''),
(5, 'lection', '2022-01-28', 4, 1, ''),
(6, 'lection', '2022-01-28', 5, 1, ''),
(7, 'lection', '2022-02-04', 4, 1, ''),
(8, 'lection', '2022-02-04', 5, 1, ''),
(9, 'lection', '2022-02-11', 4, 1, ''),
(10, 'lection', '2022-02-11', 5, 1, ''),
(11, 'lection', '2022-02-18', 4, 1, ''),
(12, 'lection', '2022-02-18', 5, 1, ''),
(13, 'lection', '2022-02-25', 4, 1, ''),
(14, 'lection', '2022-02-25', 5, 1, ''),
(15, 'lection', '2022-03-04', 4, 1, ''),
(16, 'lection', '2022-03-04', 5, 1, ''),
(17, 'lection', '2022-03-11', 4, 1, ''),
(18, 'lection', '2022-03-11', 5, 1, ''),
(19, 'lection', '2022-03-18', 4, 1, ''),
(20, 'lection', '2022-03-18', 5, 1, ''),
(21, 'lection', '2022-03-25', 4, 1, ''),
(22, 'lection', '2022-03-25', 5, 1, ''),
(23, 'practice', '2022-01-21', 4, 1, ''),
(24, 'practice', '2022-01-21', 5, 1, ''),
(25, 'practice', '2022-02-04', 4, 1, ''),
(26, 'practice', '2022-02-04', 5, 1, ''),
(27, 'practice', '2022-02-18', 4, 1, ''),
(28, 'practice', '2022-02-18', 5, 1, ''),
(29, 'practice', '2022-03-11', 4, 1, ''),
(30, 'practice', '2022-03-11', 5, 1, ''),
(31, 'lection', '2022-05-01', 8, 5, 'Введе-ние'),
(32, 'lection', '2022-05-02', 8, 5, '.htaccess/Привет мир'),
(33, 'lection', '2022-05-03', 8, 5, 'Синтак-сис языка'),
(34, 'lection', '2022-05-04', 8, 5, 'Пере-менные'),
(35, 'lection', '2022-05-05', 8, 5, 'Типы данных'),
(36, 'lection', '2022-05-06', 8, 5, 'Приве-дение типов'),
(37, 'lection', '2022-05-07', 8, 5, 'Базовые опера-торы'),
(38, 'lection', '2022-05-08', 8, 5, 'Строки'),
(39, 'lection', '2022-05-09', 8, 5, 'Конс-танты/Отладчик'),
(40, 'lection', '2022-05-10', 8, 5, 'Стиль кода'),
(41, 'lection', '2022-05-11', 8, 5, 'Коммен-тарии'),
(42, 'lection', '2022-05-12', 8, 5, 'Опера-торы/Объекты'),
(43, 'lection', '2022-05-13', 8, 5, 'Опера-торы сравнения'),
(44, 'lection', '2022-05-14', 8, 5, 'Опера-торы ветвления'),
(45, 'lection', '2022-05-15', 8, 5, 'Логи-ческие операторы'),
(46, 'lection', '2022-05-16', 8, 5, 'Оператор switch'),
(47, 'lection', '2022-05-18', 8, 5, 'Циклы'),
(48, 'lection', '2022-05-20', 8, 5, 'Функции'),
(49, 'lection', '2023-01-12', 6, 6, 'Введение'),
(50, 'lection', '2023-01-19', 6, 6, 'MVC. Laravel. Canvas'),
(51, 'lection', '2023-01-26', 6, 6, 'Контроллеры и экшен-методы'),
(52, 'lection', '2023-02-02', 6, 6, 'wordpress. Темы'),
(53, 'lection', '2023-02-09', 6, 6, 'wordpress. Шаблоны'),
(54, 'lection', '2023-02-16', 6, 6, 'wordpress. Плагины, хуки'),
(55, 'lection', '2023-02-23', 6, 6, 'wordpress.'),
(56, 'lection', '2023-03-02', 6, 6, 'Замыкания Модули'),
(57, 'lection', '2023-03-09', 6, 6, 'Ajax. Клиент сервер'),
(58, 'lection', '2023-03-16', 6, 6, 'Сборка приложения'),
(59, 'lection', '2023-03-23', 6, 6, 'Допуск'),
(60, 'practice', '2023-01-19', 6, 6, ''),
(61, 'practice', '2023-02-02', 6, 6, ''),
(62, 'practice', '2023-02-16', 6, 6, ''),
(63, 'practice', '2023-03-09', 6, 6, ''),
(64, 'lection', '2022-01-14', 9, 1, ''),
(65, 'lection', '2023-02-02', 4, 6, 'wordpress. Темы'),
(66, 'lection', '2023-02-09', 4, 6, 'wordpress. Шаблоны'),
(67, 'lection', '2023-02-16', 4, 6, 'wordpress. Плагины, хуки'),
(68, 'lection', '2023-02-23', 4, 6, 'wordpress.'),
(69, 'lection', '2023-03-02', 4, 6, 'Замыкания Модули'),
(70, 'lection', '2023-03-09', 4, 6, 'Ajax. Клиент сервер'),
(71, 'lection', '2023-03-16', 4, 6, 'Сборка приложения'),
(72, 'lection', '2023-03-23', 4, 6, 'Допуск'),
(73, 'practice', '2023-01-19', 4, 6, ''),
(74, 'practice', '2023-02-02', 4, 6, ''),
(75, 'practice', '2023-02-16', 4, 6, ''),
(76, 'practice', '2023-03-09', 4, 6, ''),
(77, 'lection', '2023-09-30', 10, 3, 'Синтаксис php'),
(78, 'lection', '2023-09-30', 11, 3, 'Синтаксис php'),
(79, 'lection', '2023-09-30', 12, 3, 'Синтаксис php'),
(80, 'lection', '2023-10-07', 10, 3, 'Функции. Шаблоны'),
(81, 'lection', '2023-10-07', 11, 3, 'Функции. Шаблоны'),
(82, 'lection', '2023-10-07', 12, 3, 'Функции. Шаблоны'),
(83, 'lection', '2023-09-30', 13, 3, 'Синтаксис php'),
(84, 'lection', '2023-10-07', 13, 3, 'Функции. Шаблоны'),
(85, 'lection', '2023-09-30', 14, 3, 'Синтаксис php'),
(86, 'lection', '2023-10-07', 14, 3, 'Функции. Шаблоны'),
(87, 'lection', '2023-10-13', 10, 3, 'Фромы. SQL БД'),
(88, 'lection', '2023-10-13', 11, 3, 'Фромы. SQL БД'),
(89, 'lection', '2023-10-13', 12, 3, 'Фромы. SQL БД'),
(90, 'lection', '2023-10-13', 13, 3, 'Фромы. SQL БД'),
(91, 'lection', '2023-10-13', 14, 3, 'Фромы. SQL БД'),
(92, 'lection', '2023-10-20', 10, 3, 'Сессии. точка входа'),
(93, 'lection', '2023-10-20', 11, 3, 'Сессии. точка входа'),
(94, 'lection', '2023-10-20', 12, 3, 'Сессии. точка входа'),
(95, 'lection', '2023-10-20', 13, 3, 'Сессии. точка входа'),
(96, 'lection', '2023-10-20', 14, 3, 'Сессии. точка входа'),
(97, 'practice', '2023-10-13', 10, 3, 'шаблон include. PDO'),
(98, 'practice', '2023-10-13', 11, 3, 'шаблон include. PDO'),
(99, 'practice', '2023-10-13', 12, 3, 'шаблон include. PDO'),
(100, 'practice', '2023-10-13', 13, 3, 'шаблон include. PDO'),
(101, 'practice', '2023-10-13', 14, 3, 'шаблон include. PDO'),
(102, 'lection', '2023-10-27', 10, 3, 'Админка сайта. CRUD'),
(103, 'lection', '2023-10-27', 11, 3, 'Админка сайта. CRUD'),
(104, 'lection', '2023-10-27', 12, 3, 'Админка сайта. CRUD'),
(105, 'lection', '2023-10-27', 13, 3, 'Админка сайта. CRUD'),
(106, 'lection', '2023-10-27', 14, 3, 'Админка сайта. CRUD'),
(107, 'lection', '2023-11-03', 10, 3, 'ООП. MVC'),
(108, 'lection', '2023-11-03', 11, 3, 'ООП. MVC'),
(109, 'lection', '2023-11-03', 12, 3, 'ООП. MVC'),
(110, 'lection', '2023-11-03', 13, 3, 'ООП. MVC'),
(111, 'lection', '2023-11-03', 14, 3, 'ООП. MVC'),
(112, 'lection', '2023-11-10', 10, 3, 'Админка. Файлы'),
(113, 'lection', '2023-11-10', 11, 3, 'Админка. Файлы'),
(114, 'lection', '2023-11-10', 12, 3, 'Админка. Файлы'),
(115, 'lection', '2023-11-10', 13, 3, 'Админка. Файлы'),
(116, 'lection', '2023-11-10', 14, 3, 'Админка. Файлы'),
(117, 'lection', '2023-11-17', 10, 3, 'Корзина. Заказы'),
(118, 'lection', '2023-11-17', 11, 3, 'Корзина. Заказы'),
(119, 'lection', '2023-11-17', 12, 3, 'Корзина. Заказы'),
(120, 'lection', '2023-11-17', 13, 3, 'Корзина. Заказы'),
(121, 'lection', '2023-11-17', 14, 3, 'Корзина. Заказы'),
(122, 'practice', '2023-11-17', 10, 3, 'php-Сайт. Заказы'),
(123, 'practice', '2023-11-17', 11, 3, 'php-Сайт. Заказы'),
(124, 'practice', '2023-11-17', 12, 3, 'php-Сайт. Заказы'),
(125, 'practice', '2023-11-17', 13, 3, 'php-Сайт. Заказы'),
(126, 'practice', '2023-11-17', 14, 3, 'php-Сайт. Заказы'),
(127, 'lection', '2023-11-24', 10, 3, 'wordpress Архитект'),
(128, 'lection', '2023-11-24', 11, 3, 'wordpress Архитект'),
(129, 'lection', '2023-11-24', 12, 3, 'wordpress Архитект'),
(130, 'lection', '2023-11-24', 13, 3, 'wordpress Архитект'),
(131, 'lection', '2023-11-24', 14, 3, 'wordpress Архитект'),
(132, 'lection', '2023-11-24', 10, 3, 'wordpress Шаблоны'),
(133, 'lection', '2023-11-24', 11, 3, 'wordpress Шаблоны'),
(134, 'lection', '2023-11-24', 12, 3, 'wordpress Шаблоны'),
(135, 'lection', '2023-11-24', 13, 3, 'wordpress Шаблоны'),
(136, 'lection', '2023-11-24', 14, 3, 'wordpress Шаблоны'),
(137, 'practice', '2023-12-01', 10, 3, 'wp theme template'),
(138, 'practice', '2023-12-01', 11, 3, 'wp theme template'),
(139, 'practice', '2023-12-01', 12, 3, 'wp theme template'),
(140, 'practice', '2023-12-01', 13, 3, 'wp theme template'),
(141, 'practice', '2023-12-01', 14, 3, 'wp theme template'),
(142, 'lection', '2023-12-08', 10, 3, 'Wordpress. Типы записей'),
(143, 'lection', '2023-12-08', 11, 3, 'Wordpress. Типы записей'),
(144, 'lection', '2023-12-08', 12, 3, 'Wordpress. Типы записей'),
(145, 'lection', '2023-12-08', 13, 3, 'Wordpress. Типы записей'),
(146, 'lection', '2023-12-08', 14, 3, 'Wordpress. Типы записей'),
(147, 'lection', '2023-12-15', 10, 3, 'Wordpress Плагины'),
(148, 'lection', '2023-12-15', 11, 3, 'Wordpress Плагины'),
(149, 'lection', '2023-12-15', 12, 3, 'Wordpress Плагины'),
(150, 'lection', '2023-12-15', 13, 3, 'Wordpress Плагины'),
(151, 'lection', '2023-12-15', 14, 3, 'Wordpress Плагины'),
(152, 'lection', '2023-12-22', 10, 3, ''),
(153, 'lection', '2023-12-22', 11, 3, ''),
(154, 'lection', '2023-12-22', 12, 3, ''),
(155, 'lection', '2023-12-22', 13, 3, ''),
(156, 'lection', '2023-12-22', 14, 3, ''),
(157, 'practice', '2023-12-15', 10, 3, ''),
(158, 'practice', '2023-12-15', 11, 3, ''),
(159, 'practice', '2023-12-15', 12, 3, ''),
(160, 'practice', '2023-12-15', 13, 3, ''),
(161, 'practice', '2023-12-15', 14, 3, ''),
(162, 'lection', '2024-01-12', 10, 3, 'plugin metainform'),
(163, 'lection', '2024-01-12', 11, 3, 'plugin metainform'),
(164, 'lection', '2024-01-12', 12, 3, 'plugin metainform'),
(165, 'lection', '2024-01-12', 13, 3, 'plugin metainform'),
(166, 'lection', '2024-01-12', 14, 3, 'plugin metainform'),
(167, 'lection', '2024-01-19', 10, 3, 'woo commerce'),
(168, 'lection', '2024-01-19', 11, 3, 'woo commerce'),
(169, 'lection', '2024-01-19', 12, 3, 'woo commerce'),
(170, 'lection', '2024-01-19', 13, 3, 'woo commerce'),
(171, 'lection', '2024-01-19', 14, 3, 'woo commerce'),
(172, 'lection', '2024-01-26', 10, 3, 'wp shortcode'),
(173, 'lection', '2024-01-26', 11, 3, 'wp shortcode'),
(174, 'lection', '2024-01-26', 12, 3, 'wp shortcode'),
(175, 'lection', '2024-01-26', 13, 3, 'wp shortcode'),
(176, 'lection', '2024-01-26', 14, 3, 'wp shortcode'),
(177, 'lection', '2024-02-02', 10, 3, ''),
(178, 'lection', '2024-02-02', 11, 3, ''),
(179, 'lection', '2024-02-02', 12, 3, ''),
(180, 'lection', '2024-02-02', 13, 3, ''),
(181, 'lection', '2024-02-02', 14, 3, ''),
(182, 'practice', '2024-01-26', 10, 3, ''),
(183, 'practice', '2024-01-26', 11, 3, ''),
(184, 'practice', '2024-01-26', 12, 3, ''),
(185, 'practice', '2024-01-26', 13, 3, ''),
(186, 'practice', '2024-01-26', 14, 3, ''),
(187, 'lection', '2024-11-08', 16, 7, 'htm_1'),
(188, 'lection', '2024-11-08', 16, 7, 'htm_2'),
(189, 'lection', '2024-11-22', 16, 7, 'css_1'),
(190, 'lection', '2024-11-22', 16, 7, 'css_2'),
(191, 'practice', '2024-11-22', 16, 7, 'about'),
(192, 'lection', '2024-11-29', 16, 7, 'float'),
(193, 'lection', '2024-11-29', 16, 7, 'flex'),
(194, 'practice', '2024-11-29', 16, 7, 'flex block'),
(195, 'lection', '2024-12-06', 16, 7, 'decor'),
(196, 'lection', '2024-12-06', 16, 7, 'block'),
(197, 'practice', '2024-12-06', 16, 7, 'js_for'),
(198, 'lection', '2024-12-07', 16, 7, 'posit-ion'),
(199, 'lection', '2024-12-07', 16, 7, 'select decor'),
(200, 'practice', '2024-12-13', 16, 7, 'js_if'),
(201, 'lection', '2024-12-13', 16, 7, 'grid'),
(202, 'lection', '2024-12-13', 16, 7, 'model'),
(203, 'lection', '2024-12-14', 16, 7, 'adap-tive'),
(204, 'lection', '2024-12-14', 16, 7, 'smth'),
(205, 'practice', '2024-12-14', 16, 7, 'control'),
(206, 'lection', '2024-12-20', 16, 7, 'smth'),
(207, 'lection', '2024-12-20', 16, 7, 'final'),
(208, 'practice', '2024-12-20', 16, 7, 'project'),
(209, 'practice', '2024-12-22', 16, 7, 'dopusk'),
(210, 'lection', '2025-01-18', 16, 3, 'Синт php'),
(211, 'lection', '2025-01-18', 17, 3, 'Синт php'),
(212, 'lection', '2025-01-18', 18, 3, 'Синт php'),
(213, 'lection', '2025-01-18', 16, 3, 'Шабл'),
(214, 'practice', '2025-01-18', 17, 3, 'ДЗ-1'),
(215, 'practice', '2025-01-18', 18, 3, 'ДЗ-1'),
(216, 'lection', '2025-01-18', 19, 3, 'Синт php'),
(217, 'practice', '2025-01-18', 19, 3, 'ДЗ-1'),
(218, 'lection', '2025-01-18', 20, 3, 'Синтакс php'),
(219, 'practice', '2025-01-18', 20, 3, 'ДЗ-1'),
(220, 'practice', '2025-01-18', 16, 3, 'ДЗ-1'),
(221, 'lection', '2025-01-18', 17, 3, 'Шаблон'),
(222, 'lection', '2025-01-18', 18, 3, 'Функции'),
(223, 'lection', '2025-01-18', 19, 3, 'Шаблон'),
(224, 'lection', '2025-01-18', 20, 3, 'Функции'),
(225, 'lection', '2025-01-25', 16, 3, 'Фромы SQL'),
(226, 'practice', '2025-01-25', 17, 3, 'ДЗ-2'),
(227, 'practice', '2025-01-25', 18, 3, 'ДЗ-2'),
(228, 'practice', '2025-01-25', 19, 3, 'ДЗ-2'),
(229, 'practice', '2025-01-25', 20, 3, 'ДЗ-2'),
(230, 'lection', '2025-01-25', 16, 3, '2е занят'),
(231, 'lection', '2025-01-25', 17, 3, 'Фромы SQL'),
(232, 'lection', '2025-01-25', 18, 3, 'Шаблон'),
(233, 'lection', '2025-01-25', 19, 3, 'Фромы SQL'),
(234, 'lection', '2025-01-25', 20, 3, 'Шаблон'),
(235, 'practice', '2025-01-25', 16, 3, 'ДЗ-2'),
(236, 'practice', '2025-01-25', 17, 3, 'ДЗ-3'),
(237, 'practice', '2025-01-25', 18, 3, 'ДЗ-3'),
(238, 'practice', '2025-01-25', 19, 3, 'ДЗ-3'),
(239, 'practice', '2025-01-25', 20, 3, 'ДЗ-3'),
(240, 'lection', '2025-02-01', 16, 3, 'шаблон PDO'),
(241, 'lection', '2025-02-01', 17, 3, 'Лекц'),
(242, 'lection', '2025-02-01', 18, 3, 'шаблон PDO'),
(243, 'lection', '2025-02-01', 19, 3, 'Лекц'),
(244, 'lection', '2025-02-01', 20, 3, 'шаблон PDO'),
(245, 'lection', '2025-02-01', 16, 3, 'Корз Заказ'),
(246, 'practice', '2025-02-01', 17, 3, 'ДЗ-4'),
(247, 'practice', '2025-02-01', 18, 3, 'ДЗ-4'),
(248, 'practice', '2025-02-01', 19, 3, 'ДЗ-4'),
(249, 'practice', '2025-02-01', 20, 3, 'ДЗ-4'),
(250, 'practice', '2025-02-01', 16, 3, 'ДЗ-3'),
(251, 'lection', '2025-02-01', 17, 3, 'шаблон PDO'),
(252, 'lection', '2025-02-01', 18, 3, 'лекц'),
(253, 'lection', '2025-02-01', 19, 3, 'PDO'),
(254, 'lection', '2025-02-01', 20, 3, 'лекц'),
(255, 'lection', '2025-02-08', 16, 3, 'GET pager'),
(256, 'practice', '2025-02-08', 16, 3, 'ДЗ-4'),
(257, 'lection', '2025-02-15', 16, 3, 'Функц'),
(258, 'practice', '2025-02-15', 16, 3, 'ДЗ-5'),
(259, 'lection', '2025-02-22', 16, 3, 'лекц'),
(260, 'practice', '2025-02-22', 16, 3, 'ДЗ-6'),
(261, 'lection', '2025-02-28', 16, 3, 'лекц 28.02'),
(262, 'practice', '2025-02-28', 16, 3, 'ДЗ-7'),
(263, 'lection', '2025-03-07', 16, 3, 'лекц 07.03'),
(264, 'lection', '2025-03-14', 16, 3, 'лекц'),
(265, 'practice', '2025-02-01', 17, 3, 'ДЗ-5'),
(266, 'practice', '2025-02-01', 18, 3, 'ДЗ-5'),
(267, 'practice', '2025-02-01', 19, 3, 'контр'),
(268, 'practice', '2025-02-01', 20, 3, 'ДЗ-5'),
(269, 'lection', '2025-02-08', 17, 3, 'лекц'),
(270, 'lection', '2025-02-08', 18, 3, 'лекц'),
(271, 'lection', '2025-02-08', 19, 3, 'лекц'),
(272, 'lection', '2025-02-08', 20, 3, 'лекц'),
(273, 'practice', '2025-02-08', 17, 3, 'ДЗ-6'),
(274, 'practice', '2025-02-08', 18, 3, 'ДЗ-6'),
(275, 'practice', '2025-02-08', 19, 3, 'допуск'),
(276, 'practice', '2025-02-08', 20, 3, 'ДЗ-6'),
(277, 'lection', '2025-02-15', 17, 3, 'лекц'),
(278, 'lection', '2025-02-15', 18, 3, 'лекц'),
(279, 'lection', '2025-02-15', 19, 3, 'лекц'),
(280, 'lection', '2025-02-15', 20, 3, 'лекц'),
(281, 'practice', '2025-02-15', 17, 3, 'ДЗ-7'),
(282, 'practice', '2025-02-15', 18, 3, 'ДЗ-7'),
(283, 'practice', '2025-02-15', 19, 3, 'ДЗ-7'),
(284, 'practice', '2025-02-15', 20, 3, 'ДЗ-7'),
(285, 'lection', '2025-02-22', 17, 3, 'лекц'),
(286, 'lection', '2025-02-22', 18, 3, 'лекц'),
(287, 'lection', '2025-02-22', 19, 3, 'лекц'),
(288, 'lection', '2025-02-22', 20, 3, 'лекц'),
(289, 'practice', '2025-02-22', 17, 3, 'ДЗ-8'),
(290, 'practice', '2025-02-22', 18, 3, 'ДЗ-8'),
(291, 'practice', '2025-02-22', 19, 3, 'ДЗ-8'),
(292, 'practice', '2025-02-22', 20, 3, 'ДЗ-8'),
(293, 'lection', '2025-03-01', 17, 3, 'лекц'),
(294, 'lection', '2025-03-01', 18, 3, 'лекц'),
(295, 'lection', '2025-03-01', 19, 3, 'лекц'),
(296, 'lection', '2025-03-01', 20, 3, 'лекц'),
(297, 'practice', '2025-03-01', 17, 3, 'ДЗ-9'),
(298, 'practice', '2025-03-01', 18, 3, 'ДЗ-9'),
(299, 'practice', '2025-03-01', 19, 3, 'ДЗ-9'),
(300, 'practice', '2025-03-01', 20, 3, 'ДЗ-9'),
(301, 'lection', '2025-03-15', 17, 3, 'лекц'),
(302, 'lection', '2025-03-15', 18, 3, 'лекц'),
(303, 'lection', '2025-03-15', 19, 3, 'лекц'),
(304, 'lection', '2025-03-15', 20, 3, 'лекц'),
(305, 'practice', '2025-03-14', 16, 3, 'контр'),
(306, 'practice', '2025-03-14', 16, 3, 'ДЗ-8'),
(307, 'lection', '2025-03-21', 16, 3, 'лекц'),
(308, 'practice', '2025-03-21', 16, 3, 'ДЗ-9'),
(309, 'lection', '2025-03-28', 16, 3, 'лекц 28.03'),
(310, 'practice', '2025-03-14', 16, 3, 'контр 2'),
(311, 'lection', '2025-04-11', 16, 3, 'лекц'),
(312, 'practice', '2025-03-21', 16, 3, 'ДЗ-10'),
(313, 'lection', '2025-04-18', 16, 3, 'лекц 28.03'),
(314, 'practice', '2025-04-25', 16, 3, 'допуск'),
(315, 'lection', '2025-09-05', 21, 7, 'html'),
(316, 'lection', '2025-09-05', 21, 7, 'about'),
(317, 'practice', '2025-09-12', 21, 7, 'model'),
(318, 'lection', '2025-09-12', 21, 7, 'flex block'),
(319, 'lection', '2025-09-19', 21, 7, 'posit-ion'),
(320, 'practice', '2025-09-19', 21, 7, 'float'),
(321, 'practice', '2025-09-26', 21, 7, 'flex'),
(322, 'lection', '2025-10-03', 21, 7, 'grid'),
(323, 'practice', '2025-10-03', 21, 7, 'анкета'),
(324, 'lection', '2025-10-10', 21, 7, 'control'),
(325, 'practice', '2025-10-10', 21, 7, 'smth'),
(326, 'lection', '2025-10-17', 21, 7, 'project'),
(327, 'lection', '2025-09-05', 22, 7, 'html'),
(328, 'lection', '2025-09-05', 22, 7, 'about'),
(329, 'practice', '2025-09-12', 22, 7, 'model'),
(330, 'lection', '2025-09-12', 22, 7, 'flex block'),
(331, 'lection', '2025-09-19', 22, 7, 'posit-ion'),
(332, 'practice', '2025-09-19', 22, 7, 'float'),
(333, 'practice', '2025-09-26', 22, 7, 'flex'),
(334, 'lection', '2025-09-26', 22, 7, 'grid'),
(335, 'practice', '2025-10-03', 22, 7, 'анкета'),
(336, 'lection', '2025-10-03', 22, 7, 'cont'),
(337, 'practice', '2025-10-10', 22, 7, 'smth'),
(338, 'lection', '2025-10-10', 22, 7, 'project'),
(339, 'practice', '2025-09-19', 21, 2, 'if else'),
(340, 'practice', '2025-09-19', 22, 2, 'if else'),
(341, 'practice', '2025-09-26', 21, 2, 'НОД'),
(342, 'practice', '2025-09-26', 22, 2, 'НОД'),
(343, 'practice', '2025-10-03', 21, 2, 'func-tion'),
(344, 'practice', '2025-10-03', 22, 2, 'func-tion'),
(345, 'practice', '2025-10-10', 21, 2, 'array'),
(346, 'practice', '2025-10-10', 22, 2, 'array'),
(347, 'practice', '2025-10-17', 21, 7, 'flex'),
(348, 'lection', '2025-10-24', 21, 7, 'DOM'),
(349, 'practice', '2025-10-24', 21, 7, 'control'),
(350, 'lection', '2025-10-31', 21, 7, 'adaptiv'),
(351, 'practice', '2025-10-31', 21, 7, 'smth'),
(352, 'practice', '2025-10-17', 22, 7, 'flex'),
(353, 'lection', '2025-10-24', 22, 7, 'DOM'),
(354, 'practice', '2025-10-24', 22, 7, 'control'),
(355, 'lection', '2025-10-31', 22, 7, 'adaptiv'),
(356, 'practice', '2025-10-31', 22, 7, 'smth'),
(357, 'practice', '2025-10-17', 21, 2, 'object'),
(358, 'practice', '2025-10-17', 22, 2, 'object'),
(359, 'practice', '2025-10-24', 21, 2, 'this'),
(360, 'practice', '2025-10-24', 22, 2, 'this'),
(361, 'practice', '2025-10-31', 21, 2, 'canvas'),
(362, 'practice', '2025-10-31', 22, 2, 'canvas'),
(363, 'practice', '2025-11-07', 21, 2, 'jquery'),
(364, 'practice', '2025-11-07', 22, 2, 'jquery'),
(365, 'lection', '2025-11-14', 21, 7, 'awe some'),
(366, 'practice', '2025-11-14', 21, 7, '---'),
(367, 'lection', '2025-11-21', 21, 7, 'slider'),
(369, 'lection', '2025-11-14', 22, 7, 'awe some'),
(370, 'practice', '2025-11-14', 22, 7, '---'),
(371, 'lection', '2025-11-21', 22, 7, 'slider'),
(373, 'lection', '2025-12-05', 21, 7, 'awe some'),
(374, 'practice', '2025-12-05', 21, 7, '---'),
(375, 'lection', '2025-12-12', 21, 7, 'slider'),
(376, 'lection', '2025-12-05', 22, 7, 'awe some'),
(377, 'practice', '2025-12-05', 22, 7, '---'),
(378, 'lection', '2025-12-12', 22, 7, 'slider'),
(379, 'lection', '2025-12-19', 21, 7, '---'),
(380, 'practice', '2025-12-19', 21, 7, '---'),
(381, 'lection', '2025-12-26', 21, 7, 'БД'),
(382, 'practice', '2025-12-26', 21, 7, 'допуск'),
(383, 'lection', '2025-12-19', 22, 7, '---'),
(384, 'practice', '2025-12-19', 22, 7, '---'),
(385, 'lection', '2025-12-26', 22, 7, 'БД'),
(386, 'practice', '2025-12-26', 22, 7, 'допуск'),
(387, 'lection', '0000-00-00', 21, 1, ''),
(388, 'lection', '0000-00-00', 21, 3, 'Основы'),
(389, 'lection', '0000-00-00', 22, 1, ''),
(390, 'lection', '0000-00-00', 22, 3, 'Основы'),
(391, 'lection', '0000-00-00', 21, 1, ''),
(392, 'lection', '0000-00-00', 21, 3, ''),
(393, 'lection', '0000-00-00', 22, 1, ''),
(394, 'lection', '0000-00-00', 22, 3, ''),
(395, 'lection', '0000-00-00', 21, 1, ''),
(396, 'lection', '0000-00-00', 21, 3, ''),
(397, 'lection', '0000-00-00', 22, 1, ''),
(398, 'lection', '0000-00-00', 22, 3, ''),
(399, 'lection', '0000-00-00', 21, 1, ''),
(400, 'lection', '0000-00-00', 21, 3, ''),
(401, 'lection', '0000-00-00', 22, 1, ''),
(402, 'lection', '0000-00-00', 22, 3, ''),
(403, 'lection', '0000-00-00', 21, 1, ''),
(404, 'lection', '0000-00-00', 21, 3, ''),
(405, 'lection', '0000-00-00', 22, 1, ''),
(406, 'lection', '0000-00-00', 22, 3, ''),
(407, 'lection', '0000-00-00', 21, 1, ''),
(408, 'lection', '0000-00-00', 21, 3, ''),
(409, 'lection', '0000-00-00', 22, 1, ''),
(410, 'lection', '0000-00-00', 22, 3, ''),
(411, 'lection', '0000-00-00', 21, 1, ''),
(412, 'lection', '0000-00-00', 21, 3, ''),
(413, 'lection', '0000-00-00', 22, 1, ''),
(414, 'lection', '0000-00-00', 22, 3, ''),
(415, 'lection', '0000-00-00', 21, 1, ''),
(416, 'lection', '0000-00-00', 21, 3, ''),
(417, 'lection', '0000-00-00', 22, 1, ''),
(418, 'lection', '0000-00-00', 22, 3, ''),
(419, 'lection', '0000-00-00', 21, 1, ''),
(420, 'lection', '0000-00-00', 21, 3, ''),
(421, 'lection', '0000-00-00', 22, 1, ''),
(422, 'lection', '0000-00-00', 22, 3, ''),
(423, 'lection', '0000-00-00', 21, 1, ''),
(424, 'lection', '0000-00-00', 21, 3, ''),
(425, 'lection', '0000-00-00', 22, 1, ''),
(426, 'lection', '0000-00-00', 22, 3, ''),
(427, 'lection', '0000-00-00', 21, 1, ''),
(428, 'lection', '0000-00-00', 21, 3, ''),
(429, 'lection', '0000-00-00', 22, 1, ''),
(430, 'lection', '0000-00-00', 22, 3, ''),
(431, 'lection', '0000-00-00', 21, 1, ''),
(432, 'lection', '0000-00-00', 21, 3, ''),
(433, 'lection', '0000-00-00', 22, 1, ''),
(434, 'lection', '0000-00-00', 22, 3, ''),
(435, 'lection', '0000-00-00', 21, 1, ''),
(436, 'lection', '0000-00-00', 21, 3, ''),
(437, 'lection', '0000-00-00', 22, 1, ''),
(438, 'lection', '0000-00-00', 22, 3, ''),
(439, 'lection', '0000-00-00', 21, 1, ''),
(440, 'lection', '0000-00-00', 21, 3, ''),
(441, 'lection', '0000-00-00', 22, 1, ''),
(442, 'lection', '0000-00-00', 22, 3, ''),
(443, 'lection', '0000-00-00', 21, 1, ''),
(444, 'lection', '0000-00-00', 21, 3, ''),
(445, 'lection', '0000-00-00', 22, 1, ''),
(446, 'lection', '0000-00-00', 22, 3, '');

-- --------------------------------------------------------

--
-- Структура таблицы `discipline`
--

CREATE TABLE `discipline` (
  `id` int NOT NULL,
  `code` varchar(20) NOT NULL,
  `name` varchar(50) NOT NULL,
  `teacher` int NOT NULL,
  `institut_id` int NOT NULL
) ENGINE=InnoDB DEFAULT CHARSET=utf8mb3;

--
-- Дамп данных таблицы `discipline`
--

INSERT INTO `discipline` (`id`, `code`, `name`, `teacher`, `institut_id`) VALUES
(1, 'database', 'Основы проектирования баз данных', 1, 1),
(2, 'javascript', 'Инструментальные средства разработки ПО', 1, 1),
(3, 'php', 'Серверный язык php', 1, 1),
(4, 'opsys', 'Операционные системы', 64, 1),
(5, 'php_js', 'Языки программирования php и js ч1', 1, 1),
(6, 'dev_web_app', 'Проектирование и разработка веб-приложений', 1, 1),
(7, 'html', 'HTML интерфейсы', 1, 1),
(8, 'is_project', 'Проектирование ИС', 174, 1);

-- --------------------------------------------------------

--
-- Структура таблицы `doc`
--

CREATE TABLE `doc` (
  `id` int NOT NULL,
  `number` int NOT NULL,
  `name` varchar(50) CHARACTER SET utf8mb4 COLLATE utf8mb4_general_ci NOT NULL,
  `status` varchar(50) CHARACTER SET utf8mb4 COLLATE utf8mb4_general_ci NOT NULL,
  `description` varchar(150) CHARACTER SET utf8mb4 COLLATE utf8mb4_general_ci NOT NULL,
  `tags` varchar(200) CHARACTER SET utf8mb4 COLLATE utf8mb4_general_ci NOT NULL
) ENGINE=InnoDB DEFAULT CHARSET=utf8mb4 COLLATE=utf8mb4_general_ci;

--
-- Дамп данных таблицы `doc`
--

INSERT INTO `doc` (`id`, `number`, `name`, `status`, `description`, `tags`) VALUES
(1, 1, 'сверстать страницы', 'в работе', 'Единое руководство по разработке веб-сервера, Android-приложения и согласованной дизайн-системы продукта.', 'React, Flutter, Node.js, PostgreSQL, REST API'),
(2, 1, 'сверстать страницы', 'в работе', 'ffddd', 'ssd, ddss');

-- --------------------------------------------------------

--
-- Структура таблицы `doc_detail`
--

CREATE TABLE `doc_detail` (
  `id` int NOT NULL,
  `doc_id` int NOT NULL,
  `tab_key` varchar(50) CHARACTER SET utf8mb4 COLLATE utf8mb4_general_ci NOT NULL,
  `tab_icon` varchar(50) CHARACTER SET utf8mb4 COLLATE utf8mb4_general_ci NOT NULL,
  `tab_title` varchar(50) CHARACTER SET utf8mb4 COLLATE utf8mb4_general_ci NOT NULL,
  `tab_subtitle` varchar(50) CHARACTER SET utf8mb4 COLLATE utf8mb4_general_ci NOT NULL,
  `block_label` varchar(255) CHARACTER SET utf8mb4 COLLATE utf8mb4_general_ci NOT NULL,
  `block_title` varchar(255) CHARACTER SET utf8mb4 COLLATE utf8mb4_general_ci NOT NULL,
  `block_content` text CHARACTER SET utf8mb4 COLLATE utf8mb4_general_ci NOT NULL
) ENGINE=InnoDB DEFAULT CHARSET=utf8mb4 COLLATE=utf8mb4_general_ci;

--
-- Дамп данных таблицы `doc_detail`
--

INSERT INTO `doc_detail` (`id`, `doc_id`, `tab_key`, `tab_icon`, `tab_title`, `tab_subtitle`, `block_label`, `block_title`, `block_content`) VALUES
(1, 1, 'web', '</>', 'Web-приложение', 'React + Node.js + PostgreSQL', 'WEB-ПРИЛОЖЕНИЕ', 'Разработка веб-прилоения', 'React + Vite для frontend, Node.js + Express для API и PostgreSQL с Prisma для хранения данных.'),
(2, 1, 'android', 'A', 'Android-приложение', 'Flutter + общий REST API', 'WEB-ПРИЛОЖЕНИЕ', 'Разработка Android-приложения', 'Flutter для кроссплатформенной разработки с общим REST API');

-- --------------------------------------------------------

--
-- Структура таблицы `groups`
--

CREATE TABLE `groups` (
  `id` int NOT NULL,
  `name` varchar(25) NOT NULL,
  `institut_id` int NOT NULL,
  `role_id` int NOT NULL
) ENGINE=InnoDB DEFAULT CHARSET=utf8mb3;

--
-- Дамп данных таблицы `groups`
--

INSERT INTO `groups` (`id`, `name`, `institut_id`, `role_id`) VALUES
(1, 'Администраторы', 0, 1),
(2, 'Кураторы МВЕК', 1, 2),
(3, 'Преподаватели МВЕК', 1, 3),
(4, 'ИС 203 3 2023', 1, 4),
(5, 'ИС 202 4 2022', 1, 4),
(6, 'ИС 203 1 2023', 1, 4),
(7, 'ИС 202 2', 1, 4),
(8, 'Практика 2022', 1, 4),
(9, 'ИС 202 3 перевод 22', 1, 4),
(10, 'ДИС 214/21б', 1, 4),
(11, 'ДИС 213.1/21', 1, 4),
(12, 'ДИС 213.2/21', 1, 4),
(13, 'ДИС 213.3/21', 1, 4),
(14, 'ДИС 222/2', 1, 4),
(15, 'ИС 213 переведённые', 1, 4),
(16, 'ДИС 232b', 1, 4),
(17, 'ДИС 232.2', 1, 4),
(18, 'ДИС 232.4', 1, 4),
(19, 'ДИС 232.5', 1, 4),
(20, 'ДИС 232.7', 1, 4),
(21, 'ДИС 242/21б', 1, 4),
(22, 'ДИС 242.5', 1, 4),
(23, 'ДИС 242 переведённые', 1, 4),
(26, 'ДИС 232 переведённые', 1, 4);

-- --------------------------------------------------------

--
-- Структура таблицы `institut`
--

CREATE TABLE `institut` (
  `id` int NOT NULL,
  `name` varchar(20) NOT NULL,
  `fullname` varchar(100) NOT NULL
) ENGINE=InnoDB DEFAULT CHARSET=utf8mb3;

--
-- Дамп данных таблицы `institut`
--

INSERT INTO `institut` (`id`, `name`, `fullname`) VALUES
(1, 'МВЕК', 'АНПОО «Международный Восточно-Европейский Колледж»');

-- --------------------------------------------------------

--
-- Структура таблицы `lesson`
--

CREATE TABLE `lesson` (
  `id` int NOT NULL,
  `page_id` int NOT NULL,
  `title` varchar(100) CHARACTER SET utf8mb4 COLLATE utf8mb4_general_ci NOT NULL,
  `name` varchar(150) CHARACTER SET utf8mb4 COLLATE utf8mb4_general_ci NOT NULL,
  `content` text CHARACTER SET utf8mb4 COLLATE utf8mb4_general_ci NOT NULL
) ENGINE=InnoDB DEFAULT CHARSET=utf8mb4 COLLATE=utf8mb4_general_ci;

--
-- Дамп данных таблицы `lesson`
--

INSERT INTO `lesson` (`id`, `page_id`, `title`, `name`, `content`) VALUES
(1, 1, 'HTML & CSS: Design and Build Websites', 'Глава 1: Структура', '<p>Ежедневно мы сталкиваемся с различными типами документов. Газеты, заявления на выдачу паспорта, каталоги. Этот список можно продолжать до бесконечности.</p>\n        \n        <p>Многие веб-страницы функционируют как электронные версии вышеперечисленных документов. Например газеты публикуют одни и те же репортажи как на бумаге, так и на собственных сайтах; с помощью Всемирной паутины вы также можете написать заявление на получение паспорта; интернет-магазины содержат онлайн-версии каталогов и средства электронной коммерции.</p>\n        \n        <p>Структура важна для всех типов документов: она помогает читателям понять информацию, которую вы пытаетесь до них донести, а также способствует более простому переходу между частями документов. Таким образом, чтобы научиться создавать веб-страницы, важно понять, как правильно структурировать документы. В этой главе вы:</p>\n\n        <p>увидите, как язык HTML описывает структуру веб-страницы; узнаете, как нужно вставлять в документ теги и элементы; сверстаете свою первую веб-страницу.</p>\n        '),
(2, 2, 'CSS: The Missing Manual', 'Глава 1: Структура', '<p>Ежедневно мы сталкиваемся с различными типами документов. Газеты, заявления на выдачу паспорта, каталоги. Этот список можно продолжать до бесконечности.</p>\n        \n        <p>Многие веб-страницы функционируют как электронные версии вышеперечисленных документов. Например газеты публикуют одни и те же репортажи как на бумаге, так и на собственных сайтах; с помощью Всемирной паутины вы также можете написать заявление на получение паспорта; интернет-магазины содержат онлайн-версии каталогов и средства электронной коммерции.</p>\n        \n        <p>Структура важна для всех типов документов: она помогает читателям понять информацию, которую вы пытаетесь до них донести, а также способствует более простому переходу между частями документов. Таким образом, чтобы научиться создавать веб-страницы, важно понять, как правильно структурировать документы. В этой главе вы:</p>\n\n        <p>увидите, как язык HTML описывает структуру веб-страницы; узнаете, как нужно вставлять в документ теги и элементы; сверстаете свою первую веб-страницу.</p>\n        '),
(3, 1, 'HTML & CSS: Design and Build Websites', 'Глава 2: Структура', '<p>Ежедневно мы сталкиваемся с различными типами документов. Газеты, заявления на выдачу паспорта, каталоги. Этот список можно продолжать до бесконечности.</p>\n        \n        <p>Многие веб-страницы функционируют как электронные версии вышеперечисленных документов. Например газеты публикуют одни и те же репортажи как на бумаге, так и на собственных сайтах; с помощью Всемирной паутины вы также можете написать заявление на получение паспорта; интернет-магазины содержат онлайн-версии каталогов и средства электронной коммерции.</p>\n        \n        <p>Структура важна для всех типов документов: она помогает читателям понять информацию, которую вы пытаетесь до них донести, а также способствует более простому переходу между частями документов. Таким образом, чтобы научиться создавать веб-страницы, важно понять, как правильно структурировать документы. В этой главе вы:</p>\n\n        <p>увидите, как язык HTML описывает структуру веб-страницы; узнаете, как нужно вставлять в документ теги и элементы; сверстаете свою первую веб-страницу.</p>\n        '),
(5, 5, 'Современный учебник JavaScript', 'Введение в JavaScript', '<p>JavaScript изначально был создан, чтобы сделать веб-страницы живыми. Программы на этом языке называются скриптами.</p><p>Сегодня JavaScript может выполняться не только в браузере, но и на сервере.</p>'),
(6, 7, 'Современный учебник JavaScript', 'Переменные', '<p>Переменная — это \"именованное хранилище\" для данных. Для создания переменной используйте ключевое слово let или const.</p>'),
(7, 13, 'Современный учебник JavaScript', 'Введение в JavaScript', '<p>Здесь будет текст про введение в JS...</p>'),
(8, 14, 'Современный учебник JavaScript', 'Справочники и спецификации', '<p>Описание спецификаций...</p>'),
(9, 15, 'Современный учебник JavaScript', 'Редакторы кода', '<p>Обзор редакторов...</p>'),
(10, 16, 'Современный учебник JavaScript', 'Консоль разработчика', '<p>Как работать с консолью...</p>'),
(11, 17, 'Современный учебник JavaScript', 'Привет, мир!', '<p>Первая программа...</p>'),
(12, 18, 'Современный учебник JavaScript', 'Структура кода', '<p>Инструкции и точки с запятой...</p>'),
(13, 19, 'Современный учебник JavaScript', 'Строгий режим — \"use strict\"', '<p>Описание строгого режима...</p>'),
(14, 20, 'Современный учебник JavaScript', 'Переменные', '<p>let, const, var...</p>'),
(15, 21, 'Современный учебник JavaScript', 'Типы данных', '<p>Числа, строки и т.д...</p>'),
(16, 22, 'Современный учебник JavaScript', 'Преобразование типов', '<p>Явное и неявное преобразование...</p>'),
(17, 23, 'Современный учебник JavaScript', 'Операторы', '<p>Математические операторы...</p>'),
(18, 24, 'Современный учебник JavaScript', 'Операторы сравнения', '<p>==, ===, >, <...</p>'),
(19, 25, 'Современный учебник JavaScript', 'Взаимодействие: alert, prompt, confirm', '<p>Модальные окна браузера...</p>'),
(20, 26, 'Современный учебник JavaScript', 'Условные операторы: if, \"?\"', '<p>Ветвление кода...</p>'),
(21, 27, 'Современный учебник JavaScript', 'Логические операторы', '<p>||, &&, !...</p>'),
(22, 28, 'Современный учебник JavaScript', 'Циклы while и for', '<p>Повторение действий...</p>'),
(23, 29, 'Современный учебник JavaScript', 'Конструкция \"switch\"', '<p>Выбор из множества вариантов...</p>'),
(24, 30, 'Современный учебник JavaScript', 'Функции', '<p>Объявление функций...</p>'),
(25, 31, 'Современный учебник JavaScript', 'Function Expression', '<p>Выражения-функции...</p>'),
(26, 32, 'Современный учебник JavaScript', 'Функции-стрелки, основы', '<p>Синтаксис стрелочных функций...</p>'),
(27, 33, 'Современный учебник JavaScript', 'Особенности JavaScript', '<p>Уникальные черты языка...</p>'),
(28, 34, 'Современный учебник JavaScript', 'Качество кода', '<p>Как писать чистый код...</p>'),
(29, 35, 'Современный учебник JavaScript', 'Отладка в браузере Chrome', '<p>Контент для урока: Отладка в браузере Chrome. Здесь будет подробное описание темы.</p>'),
(30, 36, 'Современный учебник JavaScript', 'Советы по стилю кода', '<p>Контент для урока: Советы по стилю кода. Здесь будет подробное описание темы.</p>'),
(31, 37, 'Современный учебник JavaScript', 'Комментарии', '<p>Контент для урока: Комментарии. Здесь будет подробное описание темы.</p>'),
(32, 38, 'Современный учебник JavaScript', 'Ниндзя-код', '<p>Контент для урока: Ниндзя-код. Здесь будет подробное описание темы.</p>'),
(33, 39, 'Современный учебник JavaScript', 'Автоматическое тестирование c использованием фреймворка Mocha', '<p>Контент для урока: Автоматическое тестирование c использованием фреймворка Mocha. Здесь будет подробное описание темы.</p>'),
(34, 40, 'Современный учебник JavaScript', 'Полифилы', '<p>Контент для урока: Полифилы. Здесь будет подробное описание темы.</p>'),
(35, 41, 'Современный учебник JavaScript', 'Объекты: основы', '<p>Контент для урока: Объекты: основы. Здесь будет подробное описание темы.</p>'),
(36, 42, 'Современный учебник JavaScript', 'Объекты', '<p>Контент для урока: Объекты. Здесь будет подробное описание темы.</p>'),
(37, 43, 'Современный учебник JavaScript', 'Сборка мусора', '<p>Контент для урока: Сборка мусора. Здесь будет подробное описание темы.</p>'),
(38, 44, 'Современный учебник JavaScript', 'Тип данных Symbol', '<p>Контент для урока: Тип данных Symbol. Здесь будет подробное описание темы.</p>'),
(39, 45, 'Современный учебник JavaScript', 'Методы объекта, \"this\"', '<p>Контент для урока: Методы объекта, \"this\". Здесь будет подробное описание темы.</p>'),
(40, 46, 'Современный учебник JavaScript', 'Преобразование объектов в примитивы', '<p>Контент для урока: Преобразование объектов в примитивы. Здесь будет подробное описание темы.</p>'),
(41, 47, 'Современный учебник JavaScript', 'Конструкторы, создание объектов через \"new\"', '<p>Контент для урока: Конструкторы, создание объектов через \"new\". Здесь будет подробное описание темы.</p>'),
(42, 48, 'Современный учебник JavaScript', 'Типы данных', '<p>Контент для урока: Типы данных. Здесь будет подробное описание темы.</p>'),
(43, 49, 'Современный учебник JavaScript', 'Методы у примитивов', '<p>Контент для урока: Методы у примитивов. Здесь будет подробное описание темы.</p>'),
(44, 50, 'Современный учебник JavaScript', 'Числа', '<p>Контент для урока: Числа. Здесь будет подробное описание темы.</p>'),
(45, 51, 'Современный учебник JavaScript', 'Строки', '<p>Контент для урока: Строки. Здесь будет подробное описание темы.</p>'),
(46, 52, 'Современный учебник JavaScript', 'Массивы', '<p>Контент для урока: Массивы. Здесь будет подробное описание темы.</p>'),
(47, 53, 'Современный учебник JavaScript', 'Методы массивов', '<p>Контент для урока: Методы массивов. Здесь будет подробное описание темы.</p>'),
(48, 54, 'Современный учебник JavaScript', 'Перебираемые объекты', '<p>Контент для урока: Перебираемые объекты. Здесь будет подробное описание темы.</p>'),
(49, 55, 'Современный учебник JavaScript', 'Map и Set', '<p>Контент для урока: Map и Set. Здесь будет подробное описание темы.</p>'),
(50, 56, 'Современный учебник JavaScript', 'WeakMap и WeakSet', '<p>Контент для урока: WeakMap и WeakSet. Здесь будет подробное описание темы.</p>'),
(51, 57, 'Современный учебник JavaScript', 'Object.keys, values, entries', '<p>Контент для урока: Object.keys, values, entries. Здесь будет подробное описание темы.</p>'),
(52, 58, 'Современный учебник JavaScript', 'Деструктурирующее присваивание', '<p>Контент для урока: Деструктурирующее присваивание. Здесь будет подробное описание темы.</p>'),
(53, 59, 'Современный учебник JavaScript', 'Дата и время', '<p>Контент для урока: Дата и время. Здесь будет подробное описание темы.</p>'),
(54, 60, 'Современный учебник JavaScript', 'Формат JSON, метод toJSON', '<p>Контент для урока: Формат JSON, метод toJSON. Здесь будет подробное описание темы.</p>'),
(55, 61, 'Современный учебник JavaScript', 'Продвинутая работа с функциями', '<p>Контент для урока: Продвинутая работа с функциями. Здесь будет подробное описание темы.</p>'),
(56, 62, 'Современный учебник JavaScript', 'Рекурсия и стек', '<p>Контент для урока: Рекурсия и стек. Здесь будет подробное описание темы.</p>'),
(57, 63, 'Современный учебник JavaScript', 'Остаточные параметры и оператор расширения', '<p>Контент для урока: Остаточные параметры и оператор расширения. Здесь будет подробное описание темы.</p>'),
(58, 64, 'Современный учебник JavaScript', 'Замыкание', '<p>Контент для урока: Замыкание. Здесь будет подробное описание темы.</p>'),
(59, 65, 'Современный учебник JavaScript', 'Устаревшее ключевое слово \"var\"', '<p>Контент для урока: Устаревшее ключевое слово \"var\". Здесь будет подробное описание темы.</p>'),
(60, 66, 'Современный учебник JavaScript', 'Глобальный объект', '<p>Контент для урока: Глобальный объект. Здесь будет подробное описание темы.</p>'),
(92, 67, 'Современный учебник JavaScript', 'Объект функции, NFE', '<p>Контент для урока: Объект функции, NFE. Здесь будет подробное описание темы.</p>'),
(93, 68, 'Современный учебник JavaScript', 'Синтаксис \"new Function\"', '<p>Контент для урока: Синтаксис \"new Function\". Здесь будет подробное описание темы.</p>'),
(94, 69, 'Современный учебник JavaScript', 'Планирование: setTimeout и setInterval', '<p>Контент для урока: Планирование: setTimeout и setInterval. Здесь будет подробное описание темы.</p>'),
(95, 70, 'Современный учебник JavaScript', 'Декораторы и переадресация вызова, call/apply', '<p>Контент для урока: Декораторы и переадресация вызова, call/apply. Здесь будет подробное описание темы.</p>'),
(96, 71, 'Современный учебник JavaScript', 'Привязка контекста к функции', '<p>Контент для урока: Привязка контекста к функции. Здесь будет подробное описание темы.</p>'),
(97, 72, 'Современный учебник JavaScript', 'Повторяем стрелочные функции', '<p>Контент для урока: Повторяем стрелочные функции. Здесь будет подробное описание темы.</p>'),
(98, 73, 'Современный учебник JavaScript', 'Свойства объекта, их конфигурация', '<p>Контент для урока: Свойства объекта, их конфигурация. Здесь будет подробное описание темы.</p>'),
(99, 74, 'Современный учебник JavaScript', 'Флаги и дескрипторы свойств', '<p>Контент для урока: Флаги и дескрипторы свойств. Здесь будет подробное описание темы.</p>'),
(100, 75, 'Современный учебник JavaScript', 'Свойства - геттеры и сеттеры', '<p>Контент для урока: Свойства - геттеры и сеттеры. Здесь будет подробное описание темы.</p>'),
(101, 76, 'Современный учебник JavaScript', 'Прототипы, наследование', '<p>Контент для урока: Прототипы, наследование. Здесь будет подробное описание темы.</p>'),
(102, 77, 'Современный учебник JavaScript', 'Прототипное наследование', '<p>Контент для урока: Прототипное наследование. Здесь будет подробное описание темы.</p>'),
(103, 78, 'Современный учебник JavaScript', 'F.prototype', '<p>Контент для урока: F.prototype. Здесь будет подробное описание темы.</p>'),
(104, 79, 'Современный учебник JavaScript', 'Встроенные прототипы', '<p>Контент для урока: Встроенные прототипы. Здесь будет подробное описание темы.</p>'),
(105, 80, 'Современный учебник JavaScript', 'Методы прототипов, объекты без свойства __proto__', '<p>Контент для урока: Методы прототипов, объекты без свойства __proto__. Здесь будет подробное описание темы.</p>'),
(106, 81, 'Современный учебник JavaScript', 'Классы', '<p>Контент для урока: Классы. Здесь будет подробное описание темы.</p>'),
(107, 82, 'Современный учебник JavaScript', 'Класс: базовый синтаксис', '<p>Контент для урока: Класс: базовый синтаксис. Здесь будет подробное описание темы.</p>'),
(108, 83, 'Современный учебник JavaScript', 'Наследование классов', '<p>Контент для урока: Наследование классов. Здесь будет подробное описание темы.</p>'),
(109, 84, 'Современный учебник JavaScript', 'Статические свойства и методы', '<p>Контент для урока: Статические свойства и методы. Здесь будет подробное описание темы.</p>'),
(110, 85, 'Современный учебник JavaScript', 'Приватные и защищённые методы и свойства', '<p>Контент для урока: Приватные и защищённые методы и свойства. Здесь будет подробное описание темы.</p>'),
(111, 86, 'Современный учебник JavaScript', 'Расширение встроенных классов', '<p>Контент для урока: Расширение встроенных классов. Здесь будет подробное описание темы.</p>'),
(112, 87, 'Современный учебник JavaScript', 'Проверка класса: \"instanceof\"', '<p>Контент для урока: Проверка класса: \"instanceof\". Здесь будет подробное описание темы.</p>'),
(113, 88, 'Современный учебник JavaScript', 'Примеси', '<p>Контент для урока: Примеси. Здесь будет подробное описание темы.</p>'),
(114, 89, 'Современный учебник JavaScript', 'Обработка ошибок', '<p>Контент для урока: Обработка ошибок. Здесь будет подробное описание темы.</p>'),
(115, 90, 'Современный учебник JavaScript', 'Обработка ошибок, \"try..catch\"', '<p>Контент для урока: Обработка ошибок, \"try..catch\". Здесь будет подробное описание темы.</p>'),
(116, 91, 'Современный учебник JavaScript', 'Пользовательские ошибки, расширение Error', '<p>Контент для урока: Пользовательские ошибки, расширение Error. Здесь будет подробное описание темы.</p>'),
(117, 92, 'Современный учебник JavaScript', 'Промисы, async/await', '<p>Контент для урока: Промисы, async/await. Здесь будет подробное описание темы.</p>'),
(118, 93, 'Современный учебник JavaScript', 'Введение: колбэки', '<p>Контент для урока: Введение: колбэки. Здесь будет подробное описание темы.</p>'),
(119, 94, 'Современный учебник JavaScript', 'Промисы', '<p>Контент для урока: Промисы. Здесь будет подробное описание темы.</p>'),
(120, 95, 'Современный учебник JavaScript', 'Цепочка промисов', '<p>Контент для урока: Цепочка промисов. Здесь будет подробное описание темы.</p>'),
(121, 96, 'Современный учебник JavaScript', 'Промисы: обработка ошибок', '<p>Контент для урока: Промисы: обработка ошибок. Здесь будет подробное описание темы.</p>'),
(122, 97, 'Современный учебник JavaScript', 'Promise API', '<p>Контент для урока: Promise API. Здесь будет подробное описание темы.</p>'),
(123, 98, 'Современный учебник JavaScript', 'Промисификация', '<p>Контент для урока: Промисификация. Здесь будет подробное описание темы.</p>'),
(124, 99, 'Современный учебник JavaScript', 'Микрозадачи', '<p>Контент для урока: Микрозадачи. Здесь будет подробное описание темы.</p>'),
(125, 100, 'Современный учебник JavaScript', 'Async/await', '<p>Контент для урока: Async/await. Здесь будет подробное описание темы.</p>'),
(126, 101, 'Современный учебник JavaScript', 'Генераторы, продвинутая итерация', '<p>Контент для урока: Генераторы, продвинутая итерация. Здесь будет подробное описание темы.</p>'),
(127, 102, 'Современный учебник JavaScript', 'Генераторы', '<p>Контент для урока: Генераторы. Здесь будет подробное описание темы.</p>');

-- --------------------------------------------------------

--
-- Структура таблицы `library`
--

CREATE TABLE `library` (
  `id` int NOT NULL,
  `image` varchar(50) CHARACTER SET utf8mb4 COLLATE utf8mb4_general_ci NOT NULL,
  `name` varchar(50) CHARACTER SET utf8mb4 COLLATE utf8mb4_general_ci NOT NULL,
  `description` varchar(150) CHARACTER SET utf8mb4 COLLATE utf8mb4_general_ci NOT NULL
) ENGINE=InnoDB DEFAULT CHARSET=utf8mb4 COLLATE=utf8mb4_general_ci;

--
-- Дамп данных таблицы `library`
--

INSERT INTO `library` (`id`, `image`, `name`, `description`) VALUES
(1, 'assets/img/html.png', 'HTML', 'Основы разметки'),
(2, 'assets/img/css.png', 'CSS', 'Стили и вёрстка'),
(3, 'assets/img/js.png', 'JavaScript', 'Программирование'),
(4, 'assets/img/react.png', 'React', 'Библиотека интерфейсов'),
(5, 'assets/img/php.png', 'PHP', 'Серверный язык'),
(6, 'assets/img/laravel.png', 'Laravel', 'PHP-фрейвморк');

-- --------------------------------------------------------

--
-- Структура таблицы `page`
--

CREATE TABLE `page` (
  `id` int NOT NULL,
  `topic_id` int NOT NULL,
  `title` varchar(100) CHARACTER SET utf8mb4 COLLATE utf8mb4_general_ci NOT NULL,
  `name` varchar(100) CHARACTER SET utf8mb4 COLLATE utf8mb4_general_ci NOT NULL,
  `num` int NOT NULL,
  `lesson_name` varchar(100) CHARACTER SET utf8mb4 COLLATE utf8mb4_general_ci NOT NULL
) ENGINE=InnoDB DEFAULT CHARSET=utf8mb4 COLLATE=utf8mb4_general_ci;

--
-- Дамп данных таблицы `page`
--

INSERT INTO `page` (`id`, `topic_id`, `title`, `name`, `num`, `lesson_name`) VALUES
(1, 1, 'HTML & CSS: Design and Build Websites', 'Часть 1: HTML (Структура и контент)', 1, 'Структура'),
(2, 2, 'CSS: The Missing Manual', 'Часть 1: HTML (Структура и контент)', 1, 'Структура'),
(5, 3, 'Современный учебник JavaScript', 'ЧАСТЬ 1: Язык программирования JavaScript', 1, 'Введение в JavaScript'),
(6, 3, 'Современный учебник JavaScript', 'ЧАСТЬ 1: Язык программирования JavaScript', 2, 'Привет, мир!'),
(7, 3, 'Современный учебник JavaScript', 'ЧАСТЬ 1: Язык программирования JavaScript', 3, 'Переменные'),
(8, 3, 'Современный учебник JavaScript', 'ЧАСТЬ 1: Язык программирования JavaScript', 4, 'Типы данных'),
(13, 3, 'Современный учебник JavaScript', 'ЧАСТЬ 1: Язык программирования JavaScript', 1, 'Введение в JavaScript'),
(14, 3, 'Современный учебник JavaScript', 'ЧАСТЬ 1: Язык программирования JavaScript', 2, 'Справочники и спецификации'),
(15, 3, 'Современный учебник JavaScript', 'ЧАСТЬ 1: Язык программирования JavaScript', 3, 'Редакторы кода'),
(16, 3, 'Современный учебник JavaScript', 'ЧАСТЬ 1: Язык программирования JavaScript', 4, 'Консоль разработчика'),
(17, 3, 'Современный учебник JavaScript', 'ЧАСТЬ 1: Язык программирования JavaScript', 5, 'Привет, мир!'),
(18, 3, 'Современный учебник JavaScript', 'ЧАСТЬ 1: Язык программирования JavaScript', 6, 'Структура кода'),
(19, 3, 'Современный учебник JavaScript', 'ЧАСТЬ 1: Язык программирования JavaScript', 7, 'Строгий режим — \"use strict\"'),
(20, 3, 'Современный учебник JavaScript', 'ЧАСТЬ 1: Язык программирования JavaScript', 8, 'Переменные'),
(21, 3, 'Современный учебник JavaScript', 'ЧАСТЬ 1: Язык программирования JavaScript', 9, 'Типы данных'),
(22, 3, 'Современный учебник JavaScript', 'ЧАСТЬ 1: Язык программирования JavaScript', 10, 'Преобразование типов'),
(23, 3, 'Современный учебник JavaScript', 'ЧАСТЬ 1: Язык программирования JavaScript', 11, 'Операторы'),
(24, 3, 'Современный учебник JavaScript', 'ЧАСТЬ 1: Язык программирования JavaScript', 12, 'Операторы сравнения'),
(25, 3, 'Современный учебник JavaScript', 'ЧАСТЬ 1: Язык программирования JavaScript', 13, 'Взаимодействие: alert, prompt, confirm'),
(26, 3, 'Современный учебник JavaScript', 'ЧАСТЬ 1: Язык программирования JavaScript', 14, 'Условные операторы: if, \"?\"'),
(27, 3, 'Современный учебник JavaScript', 'ЧАСТЬ 1: Язык программирования JavaScript', 15, 'Логические операторы'),
(28, 3, 'Современный учебник JavaScript', 'ЧАСТЬ 1: Язык программирования JavaScript', 16, 'Циклы while и for'),
(29, 3, 'Современный учебник JavaScript', 'ЧАСТЬ 1: Язык программирования JavaScript', 17, 'Конструкция \"switch\"'),
(30, 3, 'Современный учебник JavaScript', 'ЧАСТЬ 1: Язык программирования JavaScript', 18, 'Функции'),
(31, 3, 'Современный учебник JavaScript', 'ЧАСТЬ 1: Язык программирования JavaScript', 19, 'Function Expression'),
(32, 3, 'Современный учебник JavaScript', 'ЧАСТЬ 1: Язык программирования JavaScript', 20, 'Функции-стрелки, основы'),
(33, 3, 'Современный учебник JavaScript', 'ЧАСТЬ 1: Язык программирования JavaScript', 21, 'Особенности JavaScript'),
(34, 3, 'Современный учебник JavaScript', 'ЧАСТЬ 1: Язык программирования JavaScript', 22, 'Качество кода'),
(35, 3, 'Современный учебник JavaScript', 'ЧАСТЬ 1: Язык программирования JavaScript', 23, 'Отладка в браузере Chrome'),
(36, 3, 'Современный учебник JavaScript', 'ЧАСТЬ 1: Язык программирования JavaScript', 24, 'Советы по стилю кода'),
(37, 3, 'Современный учебник JavaScript', 'ЧАСТЬ 1: Язык программирования JavaScript', 25, 'Комментарии'),
(38, 3, 'Современный учебник JavaScript', 'ЧАСТЬ 1: Язык программирования JavaScript', 26, 'Ниндзя-код'),
(39, 3, 'Современный учебник JavaScript', 'ЧАСТЬ 1: Язык программирования JavaScript', 27, 'Автоматическое тестирование c использованием фреймворка Mocha'),
(40, 3, 'Современный учебник JavaScript', 'ЧАСТЬ 1: Язык программирования JavaScript', 28, 'Полифилы'),
(41, 3, 'Современный учебник JavaScript', 'ЧАСТЬ 1: Язык программирования JavaScript', 29, 'Объекты: основы'),
(42, 3, 'Современный учебник JavaScript', 'ЧАСТЬ 1: Язык программирования JavaScript', 30, 'Объекты'),
(43, 3, 'Современный учебник JavaScript', 'ЧАСТЬ 1: Язык программирования JavaScript', 31, 'Сборка мусора'),
(44, 3, 'Современный учебник JavaScript', 'ЧАСТЬ 1: Язык программирования JavaScript', 32, 'Тип данных Symbol'),
(45, 3, 'Современный учебник JavaScript', 'ЧАСТЬ 1: Язык программирования JavaScript', 33, 'Методы объекта, \"this\"'),
(46, 3, 'Современный учебник JavaScript', 'ЧАСТЬ 1: Язык программирования JavaScript', 34, 'Преобразование объектов в примитивы'),
(47, 3, 'Современный учебник JavaScript', 'ЧАСТЬ 1: Язык программирования JavaScript', 35, 'Конструкторы, создание объектов через \"new\"'),
(48, 3, 'Современный учебник JavaScript', 'ЧАСТЬ 1: Язык программирования JavaScript', 36, 'Типы данных'),
(49, 3, 'Современный учебник JavaScript', 'ЧАСТЬ 1: Язык программирования JavaScript', 37, 'Методы у примитивов'),
(50, 3, 'Современный учебник JavaScript', 'ЧАСТЬ 1: Язык программирования JavaScript', 38, 'Числа'),
(51, 3, 'Современный учебник JavaScript', 'ЧАСТЬ 1: Язык программирования JavaScript', 39, 'Строки'),
(52, 3, 'Современный учебник JavaScript', 'ЧАСТЬ 1: Язык программирования JavaScript', 40, 'Массивы'),
(53, 3, 'Современный учебник JavaScript', 'ЧАСТЬ 1: Язык программирования JavaScript', 41, 'Методы массивов'),
(54, 3, 'Современный учебник JavaScript', 'ЧАСТЬ 1: Язык программирования JavaScript', 42, 'Перебираемые объекты'),
(55, 3, 'Современный учебник JavaScript', 'ЧАСТЬ 1: Язык программирования JavaScript', 43, 'Map и Set'),
(56, 3, 'Современный учебник JavaScript', 'ЧАСТЬ 1: Язык программирования JavaScript', 44, 'WeakMap и WeakSet'),
(57, 3, 'Современный учебник JavaScript', 'ЧАСТЬ 1: Язык программирования JavaScript', 45, 'Object.keys, values, entries'),
(58, 3, 'Современный учебник JavaScript', 'ЧАСТЬ 1: Язык программирования JavaScript', 46, 'Деструктурирующее присваивание'),
(59, 3, 'Современный учебник JavaScript', 'ЧАСТЬ 1: Язык программирования JavaScript', 47, 'Дата и время'),
(60, 3, 'Современный учебник JavaScript', 'ЧАСТЬ 1: Язык программирования JavaScript', 48, 'Формат JSON, метод toJSON'),
(61, 3, 'Современный учебник JavaScript', 'ЧАСТЬ 1: Язык программирования JavaScript', 49, 'Продвинутая работа с функциями'),
(62, 3, 'Современный учебник JavaScript', 'ЧАСТЬ 1: Язык программирования JavaScript', 50, 'Рекурсия и стек'),
(63, 3, 'Современный учебник JavaScript', 'ЧАСТЬ 1: Язык программирования JavaScript', 51, 'Остаточные параметры и оператор расширения'),
(64, 3, 'Современный учебник JavaScript', 'ЧАСТЬ 1: Язык программирования JavaScript', 52, 'Замыкание'),
(65, 3, 'Современный учебник JavaScript', 'ЧАСТЬ 1: Язык программирования JavaScript', 53, 'Устаревшее ключевое слово \"var\"'),
(66, 3, 'Современный учебник JavaScript', 'ЧАСТЬ 1: Язык программирования JavaScript', 54, 'Глобальный объект'),
(67, 3, 'Современный учебник JavaScript', 'ЧАСТЬ 1: Язык программирования JavaScript', 55, 'Объект функции, NFE'),
(68, 3, 'Современный учебник JavaScript', 'ЧАСТЬ 1: Язык программирования JavaScript', 56, 'Синтаксис \"new Function\"'),
(69, 3, 'Современный учебник JavaScript', 'ЧАСТЬ 1: Язык программирования JavaScript', 57, 'Планирование: setTimeout и setInterval'),
(70, 3, 'Современный учебник JavaScript', 'ЧАСТЬ 1: Язык программирования JavaScript', 58, 'Декораторы и переадресация вызова, call/apply'),
(71, 3, 'Современный учебник JavaScript', 'ЧАСТЬ 1: Язык программирования JavaScript', 59, 'Привязка контекста к функции'),
(72, 3, 'Современный учебник JavaScript', 'ЧАСТЬ 1: Язык программирования JavaScript', 60, 'Повторяем стрелочные функции'),
(73, 3, 'Современный учебник JavaScript', 'ЧАСТЬ 1: Язык программирования JavaScript', 61, 'Свойства объекта, их конфигурация'),
(74, 3, 'Современный учебник JavaScript', 'ЧАСТЬ 1: Язык программирования JavaScript', 62, 'Флаги и дескрипторы свойств'),
(75, 3, 'Современный учебник JavaScript', 'ЧАСТЬ 1: Язык программирования JavaScript', 63, 'Свойства - геттеры и сеттеры'),
(76, 3, 'Современный учебник JavaScript', 'ЧАСТЬ 1: Язык программирования JavaScript', 64, 'Прототипы, наследование'),
(77, 3, 'Современный учебник JavaScript', 'ЧАСТЬ 1: Язык программирования JavaScript', 65, 'Прототипное наследование'),
(78, 3, 'Современный учебник JavaScript', 'ЧАСТЬ 1: Язык программирования JavaScript', 66, 'F.prototype'),
(79, 3, 'Современный учебник JavaScript', 'ЧАСТЬ 1: Язык программирования JavaScript', 67, 'Встроенные прототипы'),
(80, 3, 'Современный учебник JavaScript', 'ЧАСТЬ 1: Язык программирования JavaScript', 68, 'Методы прототипов, объекты без свойства __proto__'),
(81, 3, 'Современный учебник JavaScript', 'ЧАСТЬ 1: Язык программирования JavaScript', 69, 'Классы'),
(82, 3, 'Современный учебник JavaScript', 'ЧАСТЬ 1: Язык программирования JavaScript', 70, 'Класс: базовый синтаксис'),
(83, 3, 'Современный учебник JavaScript', 'ЧАСТЬ 1: Язык программирования JavaScript', 71, 'Наследование классов'),
(84, 3, 'Современный учебник JavaScript', 'ЧАСТЬ 1: Язык программирования JavaScript', 72, 'Статические свойства и методы'),
(85, 3, 'Современный учебник JavaScript', 'ЧАСТЬ 1: Язык программирования JavaScript', 73, 'Приватные и защищённые методы и свойства'),
(86, 3, 'Современный учебник JavaScript', 'ЧАСТЬ 1: Язык программирования JavaScript', 74, 'Расширение встроенных классов'),
(87, 3, 'Современный учебник JavaScript', 'ЧАСТЬ 1: Язык программирования JavaScript', 75, 'Проверка класса: \"instanceof\"'),
(88, 3, 'Современный учебник JavaScript', 'ЧАСТЬ 1: Язык программирования JavaScript', 76, 'Примеси'),
(89, 3, 'Современный учебник JavaScript', 'ЧАСТЬ 1: Язык программирования JavaScript', 77, 'Обработка ошибок'),
(90, 3, 'Современный учебник JavaScript', 'ЧАСТЬ 1: Язык программирования JavaScript', 78, 'Обработка ошибок, \"try..catch\"'),
(91, 3, 'Современный учебник JavaScript', 'ЧАСТЬ 1: Язык программирования JavaScript', 79, 'Пользовательские ошибки, расширение Error'),
(92, 3, 'Современный учебник JavaScript', 'ЧАСТЬ 1: Язык программирования JavaScript', 80, 'Промисы, async/await'),
(93, 3, 'Современный учебник JavaScript', 'ЧАСТЬ 1: Язык программирования JavaScript', 81, 'Введение: колбэки'),
(94, 3, 'Современный учебник JavaScript', 'ЧАСТЬ 1: Язык программирования JavaScript', 82, 'Промисы'),
(95, 3, 'Современный учебник JavaScript', 'ЧАСТЬ 1: Язык программирования JavaScript', 83, 'Цепочка промисов'),
(96, 3, 'Современный учебник JavaScript', 'ЧАСТЬ 1: Язык программирования JavaScript', 84, 'Промисы: обработка ошибок'),
(97, 3, 'Современный учебник JavaScript', 'ЧАСТЬ 1: Язык программирования JavaScript', 85, 'Promise API'),
(98, 3, 'Современный учебник JavaScript', 'ЧАСТЬ 1: Язык программирования JavaScript', 86, 'Промисификация'),
(99, 3, 'Современный учебник JavaScript', 'ЧАСТЬ 1: Язык программирования JavaScript', 87, 'Микрозадачи'),
(100, 3, 'Современный учебник JavaScript', 'ЧАСТЬ 1: Язык программирования JavaScript', 88, 'Async/await'),
(101, 3, 'Современный учебник JavaScript', 'ЧАСТЬ 1: Язык программирования JavaScript', 89, 'Генераторы, продвинутая итерация'),
(102, 3, 'Современный учебник JavaScript', 'ЧАСТЬ 1: Язык программирования JavaScript', 90, 'Генераторы');

-- --------------------------------------------------------

--
-- Структура таблицы `reply`
--

CREATE TABLE `reply` (
  `id` int NOT NULL,
  `body` varchar(4096) NOT NULL,
  `column2` varchar(4096) NOT NULL,
  `author_id` int NOT NULL,
  `replyable_id` int NOT NULL,
  `datetime` datetime NOT NULL DEFAULT CURRENT_TIMESTAMP
) ENGINE=InnoDB DEFAULT CHARSET=utf8mb3;

--
-- Дамп данных таблицы `reply`
--

INSERT INTO `reply` (`id`, `body`, `column2`, `author_id`, `replyable_id`, `datetime`) VALUES
(1, 'Придерживаться общечеловеческих норм общения и размещать сообщения, отвечающие тематике.', '', 1, 12, '2026-06-18 09:35:43'),
(2, 'Система управления контентом\r\n\r\nЦель\r\n\r\nНаписать cms на принципах mvc (модель представление контроллер)\r\nна базе сайта https://stores2.q-pax.ru/\r\n\r\n\r\nУчебник\r\nhttps://www.programulin.ru/\r\n\r\n\r\nПлан\r\n\r\n1 нед Разобраться в устройстве cms\r\n2 нед Добавить сайту форум\r\n3 нед Разделить модули на публичные, кабинеты и административные\r\n4 нед Переместить публичные модули в папку /public/\r\n5 нед написать модуль редактирования модулей', '', 1, 18, '2026-06-18 09:35:43'),
(3, 'Задача (на 5 недель)\r\n\r\n\r\nРазобраться в устройстве:\r\n\r\n-  одной точки входа. посмотреть файл .htaccess\r\n-  принципах mvc\r\n-  Изучить структуру БД проекта\r\n-  псмотреть устройство index файла\r\n-  Разобраться в кодах модулей core и login\r\n\r\n\r\nДобавить сайту форум:\r\n\r\n-  по аналогии с модулем товаров.\r\n-  добавить таблицу для записей с картинками.\r\n-  Добавить таблицу веток форума (категории или темы).\r\n-  Предусмотреть возможность вложения веток форума друг в друга.\r\n-  Добавить форму через которую можно добавлять записи. метод add_reply\r\n-  Создать модуль выводящий все ветки форума и сообщения выбранной ветки.\r\n-  -  методы all_categories и branch\r\n\r\n\r\nРазделить модули на публичные, кабинеты и административные\r\n\r\n-  в таблицу модулей добавить поле admin (значения 0 1 2 или public private admin)\r\n-  не административные модули при добавлении должны быть доступны неавторизованному пользователю без необходимости правок модуля core\r\n-  административные модули должны находится в папке /module/admin/ + module_name\r\n-  модули кабинетов должны находится в папке /module/private/\r\n-  Кабинеты (private) модули - должны быть доступны только зарегистрированным пользователям с правами manager.\r\n-  Поместить модуль manager значением для роли manager.\r\n-  Добавить простой административный модуль - доступный только пользователям с административными правами.\r\n\r\nПереместить публичные модули в папку /public/ с сохранением работоспособности сайта\r\n-  для этого надо будет поменять модуль core\r\n\r\n\r\nДобавить административный модуль редактирования модулей\r\n\r\n-  модуль должен принадлежать к числу административных\r\n-  должен позволять создавать новые модули и привязывать к ним таблицу\r\n-  заносить данные о новом модуле в БД - устанавливать уровнь доступа к нему\r\n-  в зависимости от уровня доступа модуля - создавать для него каталог в соответствующем каталоге.\r\n-  В каталог модуля записывать файлы controller view\r\n-  -  с минимально необходимым функционалом для отображения информации из привязанной таблицы', '', 1, 18, '2026-06-18 09:35:43'),
(4, '1я Неделя\r\n\r\nТеория\r\nразделы php: Начало Другие операторы Условия Массивы\r\n\r\nРазобраться в устройстве:\r\n- организации одной точки входа в приложение - посмотреть файл .htaccess\r\nобратить внимание на правило перенаправления запросов\r\n- псмотреть устройство index файла\r\n- принципах mvc - посмотреть устройство модулей market и managment\r\n\r\n- Изучить структуру БД проекта (какие таблицы за что отвечают)\r\n- Разобраться в кодах модулей core и login\r\n- найти части кода, которые отвечает за определение доступных пользователю модулей\r\n\r\nДобавить\r\n- в таблицу модулей моле private (значения 2, 1 или 0)\r\n- в модуле main сделать выборки - всех модулей private=0 и отдельно всех модулей private=1, результаты выборок вывести на экран', '', 1, 18, '2026-06-18 09:35:43'),
(5, ' Жилые комплексы\r\n\r\nЦель\r\n\r\nСоздать сайт с возможностью посмотреть существующую карту районов и жилых комплексов.\r\nПосмотреть планировки в жилом комплексе\r\nВозможностью для жильцов подключиться к информационному пространству добрососедства в своём жилом комплексе\r\nУ совета дома или главного по дому должна быть возможность модерации сообщества - исключение торговых агентов не проживающих в данном комплексе.\r\nс возможностью для жильцов обмениваться товарами и услугами.\r\nВозможностью социума давать местному бизнесу обратную связь, улучшая качество товаров и услуг.\r\n', '', 1, 19, '2026-06-18 09:35:43'),
(6, 'Учебник\r\nhttps://www.programulin.ru/\r\n\r\nОбщий план на 5 недель\r\n\r\n1 нед\r\nсоздать структуру БД\r\nнаполнить таблицы данными\r\nСоздать общий шаблон header + menu + footer для всех страниц\r\nсоздать структуру страниц для вывода списков: районов города, микрорайонов, жилых комплексов (кварталов) + магазины микрорайона.\r\n- Создать файловую структуру проекта: каталоги с файлами обработки запросов от форм,\r\n    а также папки js css image upload\r\n- Создание html-контейнеров 3х типов: list_vertical, list_horizont, list_tile\r\n\r\n2 нед\r\nПрикрепить в шапку логотип проекта.\r\nДобавить квартире статус перечисляемого типа: ремонт, сдаётся, жилая.\r\nДобавить квартире свойство: номер авто владельца - не отображать публично.\r\nНайти макет сайта посвящённого строительству, взять оттуда разметку и стили - применить к проекту, там где это уместно.\r\nсделать страницу вывода домов в квартале\r\n - небольшими изображениями домов сверху, либо схемы\r\nвывести на всех основных страницах информацию из БД\r\nСделать формы регистрации и авторизации, \r\nВёрстку форм прикрепления владельца к квартире, добавления товара, добавления услуги.\r\nНаписать обработчики форм.\r\nДобавить роли: пользователь, член совета дома, менеджер магазина, администратор.\r\nСверстать страницу развёртки дома:\r\n - крупное фото, план и прозрачная сетка квартир на фоне фото, при наведении на дом, развёртку сделать менее прозрачной более яркой.\r\nВ БД должны быть таблицы товаров, предоставляемые и необходимые услуги - это 2 таблицы\r\nпривязываемые к квартире. Содержат id title value dimension price description flat_id image\r\n\r\n3 нед\r\nНа страницу развёртки дома по параметру home_id вывести данные дома из БД (крупное фото дома, поэтажный план, в сетку квартир вывести данные из БД)\r\nНаписать обработчик формы Привязки пользователей к квартирам.\r\nСтраница редактирования квартиры - заполняет пользователь.\r\nВозможность разместить: 3 товара, услугу, потребность - товар или услуга.\r\nПросмотреть список товаров и услуг дома может любой зарегистрированный пользователь из того же жилого комплекса. \r\n\r\n4 нед\r\nСовету дома\r\nпредоставить доступ к просмотру и редактированию дополнительной информации: по квартирам и в целом по дому,\r\nвозможность создавать у дома дополнительные ветки форума.\r\nЛК - администратора для управления информацией по комплексам и районам.\r\nнапример загрузка картинок домов и т.д.\r\n- Создание js обработчиков для всех форм\r\n- добавление комментариев на форум для всех авторизованных пользователей, принадлежащих этому дому\r\nНаписать php обработчики всех форм\r\n\r\n5 нед\r\nРазместить на странице республики и города контурную карту районов.\r\nЗа домом закрепляются ветки форума - управление доступом: для всего микрорайона, для квартала, для дома.\r\nПо дому выводить дополнительную информацию - интегрально предоставляемые и требуемые услуги жильцов, список товаров.\r\n- Создание пагинатора для товаров и услуг.', '', 1, 19, '2026-06-18 09:35:43'),
(7, 'Задача\r\n\r\nПлощадка должна обрабатывать несколько групп домов, как отдельные замкнутые системы.\r\n\r\nНаписать форум + внутренний магазин обмена, где жильцы одной группы домов могут выставлять на продажу товары и услуги с фото и описанием.\r\n\r\nУ сайта есть публичная часть, и закрытая\r\nНа публичной части размещается районированная карта города и формы регистрации и авторизации.\r\n\r\nЗакрытая часть для авторизованных пользователей состоит из Личного кабинета, страницы настроек профиля. Есть три типа личных кабинетов: Собственник, Представитель совета дома, Администратор.\r\n\r\nВ закрытой части у каждого комплекса есть: форум с ветками администрируемые советом дома, малая карта домов, поквартирная развёртка домов с поэтажным планом.\r\n\r\nмагазин товаров и услуг с категориями. Категории администрирует совет дома.\r\nСтраница со списком услуг, страница редактирования услуги, любой авторизованный пользователь может выставить свою услугу.\r\nСтраница добавления и редактирования товара. Любой авторизованный пользователь может управлять своими услугами.\r\n\r\nУ совета дома есть доступ к дополнительным скрытым свойствам объектов домов (квартир) - которые они сами заполняют.\r\n\r\nАдминистратор не ограничен одним комплексом домов.\r\nУ администратора есть доступ к системным настройкам относящимся ко всей системе в целом.', '', 1, 19, '2026-06-18 09:35:43'),
(8, '1я неделя\r\n\r\ncomplex\r\nосновы js теория\r\nphp: Начало Другие операторы Условия\r\n_____\r\nСоздание базы данных:\r\n- Описание предметной области в сущностях и свойствах\r\n- графическое моделирование базы данных со связями между таблицами\r\n- - таблицы, свойства, типы свойств связи между таблицами.\r\n- создание структуры базы данных в СУБД\r\nполя регионов, городов, районов и ЖК - id, type_area, name, description, image, css_contur, category_id, people, link\r\nДомов - id, name, address, plan, image, css_contur, material, zhk_id, compas\r\nквартиры - id, num, floor, home_id, plan, num_room, price, square, balkon\r\n- Наполнение таблиц первичными данными', '', 1, 19, '2026-06-18 09:35:43'),
(9, 'Создание тематического магазина\r\n\r\n\r\nЦель\r\n\r\nнаписать онлайн магазин\r\nс возможностью регистрации и авторизации пользователей,\r\nдвухуровневой системой категорий товаров и товарами\r\nсо страницами корзины, заказов\r\nс блоком карусели на главной странице\r\nстраницы новостей с комментариями\r\nвсе страницы должны быть оформлены в едином стиле\r\n-  Должно быть общее меню сайта на каждой странице\r\n\r\n\r\nПлан\r\n\r\n1 нед Архитектура проекта\r\n2 нед Вёрстка\r\n3 нед Бэкенд\r\n4 нед Фронтенд\r\n5 нед Администрирование', '', 1, 21, '2026-06-18 09:35:43'),
(10, 'План развёрнуто\r\n\r\n1 нед Архитектура проекта\r\n-  Создание и наполнение БД\r\n-  Создание файловой структуры\r\n-  Создание шаблона страниц\r\n-  Создание контейнеров\r\n\r\n2 нед Вёрстка\r\n-  Создание блоков контента\r\n-  Визуальная стилизация блоков\r\n-  Наполнение страниц блоками информации\r\n-  Создание форм\r\n-  -  категорий, товаров, новостей, баннеров\r\n-  Кнопки покупки\r\n-  Корзина с товарами\r\n\r\n3 нед Вывод информации с бэкенда\r\n-  Вывод списковой информации\r\n-  Вывод детальной информации\r\n-  скрипт создания корзины\r\n-  добавление товара в корзину\r\n-  скрипт перевода корзины в заказ\r\n\r\n4 нед Фронтенд (взаимодействие клиент-сервер)\r\n-  Создание пагинатора\r\n-  Создание js обработчиков для всех форм\r\n-  авторизация, регистрация\r\n-  добавление товара в корзину\r\n-  изменение корзины\r\n-  оформление заказа\r\n-  добавление комментариев\r\n-  добавление и редактирование остальных сущностей\r\n\r\n5 нед Административная часть сайта\r\n-  скрипты добавления и редактирования записей БД\r\n-  Отладка и рефакторинг проекта', '', 1, 21, '2026-06-18 09:35:43'),
(11, 'Задача\r\n\r\nСоздание базы данных:\r\n\r\n-  Описание предметной области в сущностях и свойствах\r\n-  графическое моделирование базы данных со связями между таблицами\r\n-  -  таблицы, свойства, типы свойств связи между таблицами.\r\n-  создание структуры базы данных в СУБД\r\n-  Наполнение таблиц первичными данными', '', 1, 21, '2026-06-18 09:35:43'),
(12, 'создание файловой архитектуры проекта\r\n\r\n-  файл меню сайта - ссылки на страницы сайта:\r\n-  -  категории товаров верхнего уровня + новостную страницу\r\n-  индексный файл выбора категорий товаров\r\n-  файл списка товаров одной категории\r\n-  файл детального просмотра товара\r\n-  файл ядра - подключения к БД\r\n-  страница корзины\r\n-  оформление заказа доставки и оплаты\r\n-  страница личного кабинета пользователя с архивом всех заказов и их статусом\r\n-  страница кабинета должна быть доступна только авторизоавнным пользователям, неавторизованных перебрасывать на страницу авторизации\r\n-  файл списка новостей\r\n-  файл детальной новости', '', 1, 21, '2026-06-18 09:35:43'),
(13, '-  создать каталоги:\r\n\r\n-  -  js - для всех скриптов\r\n-  -  css - все стили вёрстки\r\n-  -  image - все картинки шаблона\r\n-  -  upload - для загрузки всех файлов создаваемых объектов\r\n-  -  request - скрипты обрабатывающие ajax запросы от браузера\r\n-  -  -  работа с пользователями login logout register\r\n-  -  -  работа с товарами и категориями add_cart edit_goods edit_category\r\n-  -  -  работа с новостями и баннерами edit_news edit_banner\r\n-  -  template - папка c файлами head header footer\r\n-  -  admin - страницы управления контентом:\r\n-  -  -  категорий, товаров, пользователей, баннеров, новостей, заказов', '', 1, 21, '2026-06-18 09:35:43'),
(14, 'структура html документа по блокам\r\n\r\nСоздание шаблона страниц\r\n-  head - подключающий файлы и метаинформацию документа\r\n-  header - находится в верхней части содержит:\r\n-  -  логотип, название компании, контактные телефоны,\r\n-  -  ссылку на форму авторизации или аватар + ФИО + ссылка на личный кабинет + \r\n-  -  выход\r\n-  меню сайта\r\n-  footer - находится в нижней части экрана\r\n-  -  контактная информация, ссылки на соц сети, копирайт', '', 1, 21, '2026-06-18 09:35:43'),
(15, '-  Внутренние блоки обёртки content или wrapper\r\n\r\n-  -  баннер с каруселью картинок\r\n-  -  Заголовок текущей страницы\r\n-  -  Контейнеры\r\n-  -  -  контейнер с множеством блоков плиткой\r\n-  -  -  контейнер Вертикальный\r\n-  -  -  контейнер горизонтальный\r\n-  -  дата новости\r\n-  -  форма\r\n-  -  картинка + текст\r\n-  -  табы + внутренние блоки с информацией\r\n-  -  Кнопки покупки\r\n-  -  Корзина с товарами\r\n-  -  запись комментария: дата пользователь текст\r\n-  -  пагинатор\r\n\r\n-  Стилизация каждого визуального блока\r\n-  -  задание осей flex\r\n-  -  выравнивание отступами\r\n\r\n-  Медиа запросы стилей для адаптивной вёрстки каждого блока (десктоп, планшет, -  мобильный вариант)\r\n\r\n-  Наполнение страниц блоками информации', '', 1, 21, '2026-06-18 09:35:43'),
(16, 'Скрипты вывода информации из БД\r\n\r\n-  Выборка из БД\r\n-  разбор результата выборки\r\n-  -  Вывести циклами списковую информацию\r\n-  -  Вывести через условные операторы детальную информацию\r\n-  -  сформировать селекты для форм\r\n-  -  наполнить формы редактирования\r\n-  Добавление фильтров\r\n-  Создание пагинатора (бесконечного)', '', 1, 21, '2026-06-18 09:35:43'),
(17, 'обработчики на javascript для всех форм или для каждой отдельной формы\r\n\r\n-  найти форму - повесить на неё событие\r\n-  добавить обработчик собирающий информацию и отправляющий на скрипт из папки request\r\n-  получить и обработать ответ:\r\n-  -  проверить и разобрать json\r\n-  -  вывести ошибки\r\n-  -  оповестить о результате\r\n-  -  добавить результат к блоку', '', 1, 21, '2026-06-18 09:35:43'),
(18, 'Скрипты добавления и редактирования объектов\r\n\r\n-  Получение данных $_POST\r\n-  Валидация полученных данных\r\n-  Создание запроса INSERT\r\n-  Создание запросов на UPDATE\r\n-  защита от xss-атак - подготовка запросов\r\n-  Запись переданных файлов в upload $_FILE\r\n-  Логирование ошибок\r\n-  Выовод результата в ответ на запрос', '', 1, 21, '2026-06-18 09:35:43'),
(19, '1я Неделя\r\n\r\nосновы js теория\r\nphp: Начало Другие операторы Условия\r\n_____\r\nАрхитектура проекта (по дням)\r\n- Создание и наполнение БД\r\n(Тип магазина, текстовое описание сущностей - названия таблиц\r\nсхема с https://nosqldbm.ru/ и таблицы в myadmin)\r\n- Создание файловой структуры\r\n- Создание шаблона страниц\r\n- Создание контейнеров flex\r\nПринципы вёрстки на flexbox:\r\nhttps://itchief.ru/html-and-css/flexbox', '', 1, 21, '2026-06-18 09:35:43'),
(20, 'Оцифровка карт\r\n\r\nЦель\r\nCоздать приложение позволяющее быстро оцифровать карту контурными объектами.\r\nУ одного контурного объекта может быть несколько независимых контуров.\r\nКонтуры должны быть заданы в фиксированных плоских экранных css координатах.', '', 1, 22, '2026-06-18 09:35:43'),
(21, 'План\r\n\r\n1 нед\r\nсоздание слоёв визуального и логического\r\nпересчёт координат географических и экранных\r\nдействие клика - выставление точки\r\nформировать массив точек - limit количества (при достижении 500 не ставить больше)\r\nзамыкание по экранным координатам при заданном дельта\r\nправый клик по точке - удаление точки\r\n\r\n2 нед\r\nстек действий - действие представлять как координату тип действия, объект над которым выполнено действие.\r\n\r\nотмена ctrl+z - отменить последнее действие\r\nзамыкание по экранным координатам при заданном дельта\r\nenter - замкнуть контур и сохранить css контур\r\nотобразить без карты-подложки\r\nonfocus - подсветить контур\r\n\r\nперетаскивание и масштабирование - пересчёт видимых точек\r\nизменить рисовку на контурном слое после перемещений.\r\n\r\n3 нед\r\nполучить масштаб и координаты - состояние карты подложки\r\ncntrl+click - взять ближайшую точку другого контура\r\nвыделить контур переименовать, задать свойства\r\ndel - удалить активный контур\r\nпересчёт координат географических и экранных - проверить на большом масштабе после перемещения карты по вертикали\r\n\r\n4 нед\r\nвыделить группу контуров\r\nпостроить новый контур по внешним точкам группы\r\nвнешние - пренадлежат 1 контуру\r\nлибо принадлежность к контурам меньше количества соседних точек по всем контурам которым принадлежит\r\n\r\n5 нед\r\nОтладка, рефакторинг\r\nс помощью инструмента оцифровать карты районов удмуртии и районов Ижевска', '', 1, 22, '2026-06-18 09:35:43'),
(22, 'Задача\r\n\r\nИнструмент состоит из двух наложенных друг на друга слоёв\r\n\r\nДолжна быть кнопка или селектор перехода между слоями\r\nна первом слое отображается масштабируемая яндекс карта. Карту можно перемещать выбирая удобное положение масштаб и тип отображения.\r\nВторой слой используется для рисования - при перемещении первого слоя, объекты второго слоя должны перемещаться аналогично. Этот слой должен быть полупрозрачным.\r\n\r\nНа втором слое должны быть реализованы действия:\r\nпересчёт координат при перемещении карты-подложки. Поставить точку. Формирование массива точек контура. Соединить новую точку с предыдущей линией. Проверить замкнутось контура. Замкнуть контур. Завершить создание контуров объекта. проверка limit точек в контуре. проверить дельта расстояния последней точки от начальной - если меньше заданного - замкнуть контур.\r\nУдалить точку. стек действий. отменить действие. Перевести контур в css стили. Сохранить css файл.\r\n\r\nУбрать подложку. Подсветить замкнутые контуры объекта при наведении. Выделить объект с контуром. Отобразить название и свойства выбранного контурного объекта. Изменить свойства выделенного контурного объекта. Получение состояния карты подложки: координаты и масштаб. Масштабирование.\r\n\r\nУдалить контур. Удалить объект. Выделить группу контуров. Проверить точку в группе контуров на внутренность. Объединить группу контуров в один контур. Добавить объекту новый контур. Получить ближайшую точку другого контура.\r\n\r\nПример:\r\nhttps://energy.q-pax.ru/map', '', 1, 22, '2026-06-18 09:35:43'),
(23, '1я неделя\r\n\r\nосновы js теория\r\njs - функции и лямда-функции, объекты\r\nВведение в браузерные события\r\nПочитать об объекте канвы (canvas)\r\n_____\r\nсоздать 2 слоя - на нижнем яндекс карта\r\nверхний слой - прозрачный пустой слой канвы\r\nРазместить слои друг над другом\r\nПовесить обработчик клика на пустой слой - выводить в консоль координаты мыши во время клика\r\nОтрисовать точку на верхнем слое\r\nсделать кнопку убирающую/возвращающую верхний слой\r\nКогда верхнего слоя нет - должно быть доступно управление яндекс картой.', '', 1, 22, '2026-06-18 09:35:43'),
(24, 'Разработка модулей на js\r\n\r\nЦель\r\n\r\nРазработка модулей состоящих из изолированного кода.\r\nКоторые можно подключать к веб приложению увеличивая его функционал.', '', 1, 23, '2026-06-18 09:35:43'),
(25, 'План\r\n\r\n1 нед\r\nСоздать модули типов объектов которые можно подключить к приложению.\r\nМодули содержат название и версию.\r\nМогут возвращать список добавляемых объектов, или подробное описание одного из этих объектов с базовыми характеристиками.\r\nbuild - здания, являются контейнерами для юнитов и мебели, имеют принадлежность к фракции, дополнительный функционал\r\nenviroment - территории\r\nfraction - фракции или династии\r\nunit - юниты\r\n---\r\nobjects - предметы инвентаря, должны разделяться по типам\r\nfurniture - мебель, должна являться контейнером для предметов\r\ntransport - контейнеры для юнитов или объектов, способные для передвижения.\r\n\r\nреализовать демонстрацию этих модулей и их базовых методов кодом в файле main.js\r\n\r\n2 нед\r\nреализовать модуль\r\nsystem - должен сохранять и загружать файлы\r\nотправлять данные на сервер и обрабатывать ответ от сервера асинхронно\r\n\r\n3 нед\r\nнаписать модули\r\nscene - матрица территорий и расположенных на них объектов\r\nmap - пиксельное отображение сцены на канве с режимами объектов\r\nmenu_comand\r\n\r\n4 нед\r\nнаписать модули\r\nengine\r\ncamera\r\nscreen\r\n\r\n5 нед\r\nbuild_factory\r\nbuild_interface', '', 1, 23, '2026-06-18 09:35:43'),
(26, 'Задача\r\n\r\nРазработать приложение состоящее из изолированного кода модулей:\r\nобщей сцены, миникарты, камеры, экрана, модальные окна сообщений.\r\nТак чтобы заменяя методы или целый модуль можно было переходить\r\nк разным проекциям, из 2д в 3д и т.д\r\nДанные должны браться из таблиц сервера БД\r\n\r\n\r\nЧто должно работать в модулях\r\n\r\nсцена - хранение данных обо всех объектах\r\nвозможность подключать и использовать наборы разных объектов.\r\nкамера - выделяет кусок сцены и передаёт его другим модулям. Должна подстраиваться под изометрию.\r\n\r\nНе должна выходить за рамки сцены при прямой проекции.\r\nминикарта - должна схематично отображать фон, объекты,\r\nцветовая схема-принадлежность объектов, изменяемые режимы карты. (физика социум политика экономика и т.д.)\r\n\r\nДолжна отображать положение камеры(камер), и передавать управление камере для изменения положения.\r\n\r\nэкран - отображение тайлов фона и объектов. В несколько слоёв.\r\nПеремещение объектов не должно затирать фон. Слоёв должно быть 3.\r\nмодальные окна - выводить сообщения, скроллируемый текст + картинка + кнопка.\r\n\r\nПерехватывать все клики по экрану и не давать управления пока открыто окно. (только закрытие, листание и кнопка продолжить, либо 2 кнопки - согласия и отмены, либо поле ввода и 2 кнопки)', '', 1, 23, '2026-06-18 09:35:43'),
(27, 'Примеры реализации обёрток для модулей\r\n\r\nчерез замыкания прототипов\r\nfunction createSystem(options) {\r\nlet name, version, self;\r\nfunction System(options) {\r\n}\r\n}\r\n\r\nтот же подход реализующий синглтон\r\nlet buildProto = (function() {\r\nfunction Build(options) {\r\n}\r\n})();\r\n\r\nлибо на замыкании класса\r\nlet intellect = (function() {\r\nclass Intellect {\r\n}\r\nreturn new Intellect();\r\n})();\r\n\r\nлибо на самом классе:\r\nclass Intellect {\r\n}\r\n\r\nлибо на замыкании функции\r\nlet enviromentType = (function() {\r\nreturn function(params) {\r\n...\r\n}\r\n})();', '', 1, 23, '2026-06-18 09:35:43'),
(28, '1я Неделя\r\n\r\nосновы js теория\r\njs - функции и лямда-функции, объекты\r\nКласс: базовый синтаксис\r\nПрототипное наследование\r\n_____\r\nСоздать класс\r\nclass SomeClass {\r\n\r\n}\r\nдобавить в него поля и методы\r\nОдин метод должен выводить внутренние значения, второй менять\r\nВ конструкторе задать значения свойств\r\nдобавить в класс свойства хранящие название модуля и версию (отсчёт с 0.1)\r\n\r\nсоздать замыкание над классом для синглтона\r\nlet someObj = (function() {\r\nclass SomeClass {\r\n\r\n}\r\nreturn new SomeClass();\r\n})();\r\n\r\nНаписать класс методы которого позволяют получить\r\nмассив данных простых объектов с полем type и name\r\nодну запись из массива по переданному в метод параметру type\r\n\r\nреализовать на них: build enviroment fraction unit item furniture transport\r\nПродемонстрировать работу методов получения объектов.', '', 1, 23, '2026-06-18 09:35:43'),
(29, 'Тайловый редактор\r\n\r\nЦель\r\nСоздать тайловый редактор с возможностью превратить его в редактор территорий, города или дизайна помещения.\r\n\r\nПлан\r\n1 нед\r\nсоздать архитектуру, добавить bootstrap\r\nРазработать модули типовые\r\nbuild\r\nenviroment\r\nfraction\r\nunit\r\nфункционал объединить в main.js\r\n\r\n2 нед\r\nsystem - загрузка данных с сервера\r\nscene\r\nmap\r\n\r\n3 нед\r\nсоздание модуля\r\nmap_editor\r\nслои\r\nдеструктурирование смежных тайлов\r\nпрямая и изометрическая проекция\r\n\r\n\r\n4 нед\r\nengine - движок логики действий пользователя\r\n\r\n5 нед\r\nmap_editor\r\nредактор помещений интерьеров\r\nредактор города и логистики\r\nредактор стратегии', '', 1, 24, '2026-06-18 09:35:43'),
(30, 'Задача\r\n\r\nПри разработке нужно вести дневник версий модулей.\r\nНаписать редактор позволяющий создавать карты сцены с разной местностью,\r\nи размещением на ней статичных объектов.\r\nСозданные карты должны сохраняться в файл (или набор файлов)\r\n\r\nРедактор должен считывать созданные карты.\r\nРедактор должен переключаться между режимами прямой и изометрической проекции.\r\n\r\nУ каждого модуля должны быть свойства: название и версия.\r\nу каждого модуля должен быть метод info - возвращающий строку названия + версии\r\n\r\nДанные должны грузиться с сервера из БД\r\nМодуль должен возвращать прототип модуля из которого можно получить прототипы объектов за которые отвечает модуль. (Здание, ландшафт, предмет, мебель)\r\n\r\nМетоды типового модуля (type_className):\r\nПолучить список всех типов объектов, которые порождаются классом\r\nПолучить прототип объекта по указанному типу(ключу)\r\nСоздать объект этого класса\r\nПолучить нередактируемую копию объекта\r\nПолучить изображение всех объектов (при необходимости)\r\nПолучить изображение отдельного объекта (при необходимости)\r\nЕсли объекты могут объединятся в стек - метод сортировки объектов в стеке.', '', 1, 24, '2026-06-18 09:35:43'),
(31, 'Примеры использования\r\n\r\nОбращаясь к модулю - мы получаем либо список возможных типов объектов, либо прототип конкретного объекта и возможность обратиться к его методам и свойствам,\r\nчтобы затем использовать эти прототипы в фабриках объектов, порождающих массивы объектов из этих прототипов.\r\n\r\nbuildProto.getAllTypes().then(...);\r\nloadedProto = await buildProto.getAllTypes();\r\nunitProto.getImage();\r\nunitProto.getUnit(type).moveBonus;\r\ntypeLand = enviromentType(type);', '', 1, 24, '2026-06-18 09:35:43'),
(32, '1я неделя\r\n\r\nосновы js теория\r\njs - функции и лямда-функции, объекты\r\nтипы данных, работа с функциями', '', 1, 24, '2026-06-18 09:35:43'),
(33, 'Первые шаги:\r\n0.01\r\nсоздать файловую структуру проекта. (каталог проекта + что описано ниже)\r\nсоздать файлы документации проекта: описание и версии модулей.\r\nСоздать основной файл логики приложения: js/main.js\r\nсоздать файл основных стилей css/main.css\r\n\r\n0.02\r\nсоздать файл основной разметки приложения: index.html\r\nопределить в нём\r\nЯзыковую локализацию.\r\nМетаданные: кодировку, viewport, title\r\nПодключить стилевой файл main.css\r\nРазместить основной контейнер в body\r\n\r\n0.03\r\nсоздать js файлы системных модулей: экран сцена камера\r\nподключить js файлы с аттрибутом defer в index.html\r\nмодуль screen 0.3\r\nмодуль scene 0.1\r\ncamera 0.1\r\n\r\n0.04\r\nОтобразить сетку мира на экране.\r\nscreen 0.4\r\ncamera 0.2\r\n\r\n0.05\r\nCоздать мини-карту.\r\nотобразить камеры на миникарте.\r\nmap 0.1\r\ncamera 0.3\r\n\r\n0.06\r\nвынести enviromentType в отдельный модуль.\r\nсобытие клика по карте - перемещение камеры.\r\nПереключатель управления камерами.\r\nПодключить стили bootstrap.\r\nУвеличить количество enviroment_type.\r\nenviroment_type 0.1\r\nscene 0.2\r\nmap 0.2\r\ncamera 0.4\r\n\r\n0.07\r\nРедактирование островов.\r\nОтображать картинки тайлов.\r\nпостроение береговой линии.\r\nscene 0.3\r\nscreen 0.5\r\n\r\n0.08\r\nИзменить отображение тайла, строить из 4х спрайтов.\r\nСкругление тайлов воды, равнины, леса, болота.\r\nПостроение меню редактирования из списка enviroment_type.\r\nавтоматическое достраивание переходных тайлов.\r\nenviroment_type 0.3\r\nscene 0.4\r\nscreen 0.6', '', 1, 24, '2026-06-18 09:35:43'),
(34, 'По модулям:\r\n\r\nscene 0.4\r\n\r\n0.1\r\nсоздать файл scene.js - файл модуля.\r\nПодключить файл в html.\r\nсоздать замыкание: структуру модуля.\r\nСоздать внутренние параметры: ширина высота, слои природный и строений.\r\n\r\n0.2\r\nСоздать конструктор.\r\nЗадать размеры по умолчанию.\r\nсоздать геттер и сеттер размеров.\r\nВернуть объект сцены.\r\nЗаполнить ячейками по умолчанию.\r\n\r\n0.3\r\nРедактирование.\r\nАвтоматическое построение береговой линии.\r\nСкругление тайлов воды, равнины, леса, болота.\r\nавтоматическое достраивание переходных тайлов.\r\n\r\n0.4 Достраивание переходных тайлов', '', 1, 24, '2026-06-18 09:35:43'),
(35, 'camera 0.4\r\n\r\n4 Камера.\r\n0.1\r\nсоздать файл camera.js - файл модуля.\r\nПодключить файл в html.\r\nсоздать замыкание: структуру модуля.\r\nСоздать внутренние параметры: цвет, координаты, количество захваченных ячеек сцены.\r\nСоздать конструктор.\r\nЗадать размеры по умолчанию.\r\nВернуть объект камеры.\r\n\r\n0.2\r\nПолучить текущий снимок. (вернуть параметры камеры)\r\nПередвинуть камеру.\r\n\r\n0.3\r\nРазделить получение параметров и снимка.\r\nПолучить снимок из переданной матрицы.\r\n\r\n0.4\r\nПереключатели активности камер.', '', 1, 24, '2026-06-18 09:35:43'),
(36, 'Экран. screen 0.6\r\nСоздать screen.js - файл модуля.\r\nПодключить файл в html.\r\nсоздать замыкание: структуру модуля.\r\nСоздать внутренние параметры: ширина высота, размер ячейки,\r\nпараметры: количество ячеек по ширине и высоте\r\n\r\n0.2\r\nсоздать конструктор.\r\nвычислить размеры экрана.\r\nсоздать геттер и сеттер размеров экрана.\r\nВернуть объект экрана.\r\n\r\n0.3\r\nОпция: селектор блока.\r\nМетоды: Поиск блока по селектору.\r\nСоздание холстов.\r\nИзменение холстов.\r\nперекрыть канвасы через css.\r\n\r\n0.4\r\nСоздать холсты.\r\nОтобразить содержимое ячейки.\r\nОтобразить весь холст.\r\nЗадать типы поверхностей.\r\nЗадать окрас в зависимости от типа поверхности.\r\n\r\n0.5\r\nвывести спрайтами.\r\nожидание подгрузки спрайта перед рисовкой.\r\nКоординаты клика.\r\nКоординаты преобразовать в координаты ячейки.\r\n\r\n0.6\r\nТайл строится по 4м спрайтам.', '', 1, 24, '2026-06-18 09:35:43'),
(37, 'map 0.2\r\n3 Мини карта. map\r\n0.1\r\nсоздать файл map.js - файл модуля.\r\nПодключить файл в html.\r\nсоздать замыкание: структуру модуля.\r\nСоздать внутренние параметры: .\r\nСоздать конструктор.\r\nВернуть объект карты.\r\nполучить данные сцены и построить по ним канву.\r\n\r\n0.2\r\nотобразить рамки камер', '', 1, 24, '2026-06-18 09:35:43'),
(38, 'type_enviroment 0.3\r\n0.1\r\nСоздать файл enviroment_type.js\r\nПодключить файл в html.\r\nСоздать модуль\r\nДобавлены территории: море равнина лес холм болото гора\r\n\r\n0.2\r\nДобавлены территории: река побережье.\r\n\r\n0.3\r\nСкругление тайлов воды, равнины, леса, болота с помощью changeSet.', '', 1, 24, '2026-06-18 09:35:43'),
(39, 'создание файловой архитектуры проекта\r\nу меню - ссылки на районы города ижевска\r\n- индексный файл - регионы Удмуртии + крупные города(Ижевск, Глазов, Воткинск, Сарапул)\r\n- файлы списков: районы города, жк района, дома в жк, квартиры в доме\r\n- ссылка с глазова должна вести на\r\nhttps://www.google.com/maps/d/viewer?mid=1t-Q1W0rzFtp8piO3jZXEpEERAHk&ll=58.14269898006185%2C52.65371688761692&z=15\r\n- файл детального просмотра дома\r\n- файл ядра - подключения к БД\r\n- страница личного кабинета(квартиры) пользователя с архивом всех заказов и их статусом\r\n- страница кабинета(квартиры) должна быть доступна только авторизоавнным пользователям, неавторизованных перебрасывать на страницу авторизации\r\n\r\n- создать каталоги: (см магазины)\r\nотличия в разделах request и admin\r\nновости, заказы и баннеры - не нужно\r\nдобавить:\r\nрайоны, ЖК - аналог категорий для домов, квартиры, услуги\r\nструктура html документа по блокам\r\n- Создание шаблона страниц(см магазины)\r\n- Внутренние блоки обёртки content или wrapper\r\n- - Контейнеры на flex стилях', '', 1, 19, '2026-06-18 09:35:43'),
(40, '2я неделя\r\n\r\nСделать доступными неавторизованному пользователю публичные модули\r\n\r\nДобавить сайту форум, создав модуль forum\r\nмодуль в контроллере должен содержать методы: init, add_reply, edit_reply,\r\nadd_category, edit_category, category\r\nв init должна быть выборка категорий и вывод их на рендер\r\nдолжны присутствовать представления: \r\n - списка категорий, ответов внутри категории с пагинатором, форма категории, форма ответа.\r\n\r\nРазобраться почему не работает кнопка добавления товара в модуле /management/. Описать причину поломки и способ её решения. Починить функционал добаления товаров.\r\nДобавить для примера по 1 товару в каждый раздел.\r\nПодумать над улучшением удобства добавления товаров для авторизованных пользователей.', '', 1, 18, '2026-06-18 09:35:43'),
(41, '2я неделя\r\n\r\nПрикрепить в шапку логотип проекта.\r\nДобавить квартире статус перечисляемого типа: ремонт, сдаётся, жилая.\r\nДобавить квартире свойство: номер авто владельца - не отображать публично.\r\nНайти макет сайта посвящённого строительству, взять оттуда разметку и стили - применить к проекту, там где это уместно.\r\n\r\nсделать страницу вывода домов в квартале\r\n- небольшими изображениями домов сверху, либо схемы\r\nвывести на всех основных страницах информацию из БД\r\n\r\nСделать формы регистрации и авторизации, \r\nВёрстку форм прикрепления владельца к квартире, добавления товара, добавления услуги.\r\nНаписать обработчики форм.\r\n\r\nДобавить роли: пользователь, член совета дома, менеджер магазина, администратор.\r\nСверстать страницу развёртки дома:\r\n- крупное фото, план и прозрачная сетка квартир на фоне фото, при наведении на дом, развёртку сделать менее прозрачной более яркой.\r\nВ БД должны быть таблицы товаров, предоставляемые и необходимые услуги - это 2 таблицы\r\nпривязываемые к квартире. Содержат id title value dimension price description flat_id image', '', 1, 19, '2026-06-18 09:35:43'),
(42, '2 неделя Вёрстка\r\n\r\n- Создание блоков контента\r\n- Визуальная стилизация блоков\r\n- Наполнение страниц блоками информации\r\n- Создание форм\r\n- - категорий, товаров, новостей, баннеров\r\n- Кнопки покупки\r\n- Корзина с товарами', '', 1, 21, '2026-06-18 09:35:43'),
(43, '2я неделя\r\n\r\nЗамыкание контура по экранным координатам при клике в  заданной дельта окрестности от первой точки - завершение ввода контура.\r\nправый клик по точке - удаление точки.\r\n\r\nстек действий - действие представлять как координату тип действия, объект над которым выполнено действие.\r\n\r\nотмена ctrl+z - отменить последнее действие\r\nзамыкание по экранным координатам при заданном дельта\r\nenter - замкнуть контур и сохранить css контур\r\nотобразить без карты-подложки\r\nonfocus - подсветить контур\r\n\r\nперетаскивание и масштабирование - пересчёт видимых точек\r\nизменить рисовку на контурном слое после перемещений.', '', 1, 22, '2026-06-18 09:35:43'),
(44, '2я неделя\r\n\r\nсхема работы приложения\r\nмодуль данных - модуль фабрики - модуль контейнера - модуль навигации - модуль вывода\r\nотвечают за\r\nчто можно создавать - как создавать - где хранить созданное - поиск в хранилище - визуальное или детальное представление объекта пользователю\r\n\r\nПримеры цепочек:\r\n\r\nМодуль территорий - редактор - сцена - карта+камера - экран\r\n\r\nМодуль юнитов - - -- здание - -- сцена - карта+камера - экран\r\n\r\nМодуль предметов - -здание - -- ящик - экран - - - - - - - окно инвентаря\r\n\r\nРеализовать в дополнеие к модулям данных\r\n\r\nмодуль фабрики:\r\n - интерфейс редактора - отображает вне экрана список всех элементов которые может создать,\r\n - возможность выбрать и запомнить активный элемента\r\n - при клике на экране создаёт конкретный экземпляр объекта с уникальными свойствами по определённым правилам, например генерация изображения тайла из спрайтов, добавляет некоторые значения по-умолчанию, которых нет в модуле исходных данных\r\n\r\nмодуль контейнера\r\n - сцену - это просто матрица на которую можно разместить созданный экземпляр объекта\r\n \r\nмодуль вывода\r\n - экран - состоящий из перекрывающих друг друга слоёв canvas, разбитого на тайлы с заданной высотой и шириной (пусть отображает пока произвольную часть сцены)\r\n\r\nСистемный модуль позволяющий асинхронно: \r\n - отправить данные на сервер и получить данные с сервера\r\n - сохранить данные в файл и прочитать данные из файла\r\n - данный модуль не занимается интерпретацией данных, передаёт их как сырые данные.', '', 1, 23, '2026-06-18 09:35:43'),
(45, '.', '', 1, 24, '2026-06-18 09:35:43'),
(46, '.', '', 1, 24, '2026-06-18 09:35:43'),
(47, '0.09\r\nСохранение и загрузка островов.\r\nscene 0.5\r\n\r\n0.5\r\nЗагрузка и сохранение карт\r\nпока просто вывод в текстовое поле кодированного представления карты.\r\nзагрузка именно из файла через инпут.', '', 1, 24, '2026-06-18 09:35:43'),
(48, '2я неделя\r\n\r\nРеализовать модуль описывающий типы возможных территорий. Описание можно посмотреть тут:\r\nhttp://www.warlords1.ru/illuria.htm\r\nспрайты скидывал ранее.\r\n\r\nРеализовать меню выбора территорий которые размещаем.\r\n\r\nРеализовать сцену на которой размещаем территории, миникарту сцены, камеру для просмотра локации и экран отображающий те территории, на которые указывает камера.\r\n\r\nПри клике на экран:\r\nдолжен висеть обработчик события получающий координаты события. Координаты пересчитать в координаты сцены - поставить на это место выбранную в меню территорию.\r\nТут же обновить состояние экрана, чтобы увидеть размещённую территорию.\r\n\r\nНе смешивать код в одну кучу. Разделить его по логически изолированным модулям. Один модуль может внутри кода обращаться к коду другого, так будто он является библиотекой.', '', 1, 24, '2026-06-18 09:35:43'),
(49, 'План системного модуля system. \r\nЭто только план, не готовый код, вы можете сделать архитектуру иначе\r\n\r\nцель модуля: создавать произвольные меню, взаимодействовать с сервером, работать с файлами, уметь возвращать информацию о текущем приложении, создавать паузу выполнения, распознавать нажатые на клавиатуре клавиши.\r\n\r\nSystem(options) - конструктор\r\nsystem.info() - информация о самом модуле\r\n// меню\r\nMenu(name) - конструктор меню\r\nsystem.menu.addElement(href, title, icon, addClass, target) - добавить пункт в меню\r\nsystem.menu.show(name) - отобразить меню\r\n// сервер\r\nsystem.request(url, action, data = {}) - Отправить на сервер запрос и дождаться ответа\r\nsystem.objectJoin(obj, delimitterKeyValue = \'=\', delimitterPair = \'&\') - вспомогательный метод преобразования одноуровнего объекта в строку\r\n// файловая система\r\nsystem.createFile(name, code) - создать файл и положить в него код\r\n// приложение\r\nsystem.getWidth() - получить ширину экрана приложения\r\nsystem.pause(miliseconds) - создать паузу выполнения\r\nsystem.totalInfo - информация обо всех использованных модулях приложения\r\nsystem.getChar(event) - получение кода нажатой клавиши\r\nsystem.adaptive(width) - адаптация приложения под размер экрана\r\n// обработчики событий (пишутся вне модуля)\r\nнажатие на сохранение в файл использует system.createFile(\'map\', htmlText);\r\nнажатие загрузки из файла\r\nфайл загрузился\r\nданные из файла прочитаны\r\n\r\n// примеры использования:\r\nbeginBuildLocal = await system.serverRequest(\'build\', \'loadstate\');\r\nsystem.serverRequest(\'build\', \'delete\', {id}).then(\r\n            result => buildsType = JSON.parse(result),\r\n            error => console.log(error)\r\n        );\r\nsystem.serverRequest(\'build\', \'edit\', data).then(\r\n            result => {\r\n                // console.log(result);\r\n            },\r\n            error => console.log(error)\r\n        );\r\nwhile (scene.getLoadedCounts()) await system.pause(0);\r\nmessage = await system.serverRequest(\'army\', \'blessed\', {coord: focusedSquad});\r\nsystem.serverRequest(\'control_list\', \'set_ready\')\r\n        .then(data => {\r\n            if (data == \'yes\') {\r\n                console.log(\'Режим готовности\');\r\n            } else if (data == \'no\') {\r\n                console.log(\'Не передана доска\');\r\n            }\r\n        })\r\nsystem.serverRequest(\'life\', \'world\');\r\nsystem.serverRequest(\'life\', \'current\');\r\nsystem.serverRequest(\'life\', \'endturn\', {fraction: application.fraction}).then(\r\n            data => self.toAwait()\r\n        );', '', 1, 23, '2026-06-18 09:35:43'),
(50, 'Асинхронное и синхронное выполнение функций\r\n\r\nasync function f() {\r\n\r\n  let promise = new Promise((resolve, reject) => {\r\n    setTimeout(() => resolve(\"готово!\"), 3000)\r\n  });\r\n  \r\n  console.log(\'начало выполнения\');\r\n\r\n  let result = await promise; // будет ждать, пока промис не выполнится (*)\r\n\r\n  return result; // \"готово!\"\r\n}\r\n\r\nf().then(text => console.log(\'после функции \' + text));\r\n\r\nconsole.log(\'последняя команда\');', '', 1, 23, '2026-06-18 09:35:43'),
(51, '3 неделя\r\n\r\nСоздание форума продолжение. Папка /module/forum/\r\ncontroller\r\nview\r\nform.view\r\n\r\n-------------\r\nсоздать новый шаблон и перенести туда вёрстку от проекта ЖК\r\nсоздать модуль выводящий страницу с районами республики\r\n\r\nсоздать модуль ЛК пользователя со стилевыми настройками.\r\nНастройки хранить в таблице settings (color, border-radius, padding, text-size)\r\nПрименить настройки через стилевые классы body_style_styleName и styled_list styled_element\r\nпрописать разные варианты стилей для селекторов вида \'.body_style_styleName .styled_element\'\r\nменяющие общие характеристики элементов документа - цвет плашек, скругление углов, отступы, размер текста.\r\nПри выводе шаблона подставлять данные стилевые классы в body или обёртку с классом \'wrapper\'\r\nпеределать одну из страниц для демонстрации работы стилевых настроек пользователя', '', 1, 18, '2026-06-18 09:35:43'),
(52, '3 неделя\r\n\r\nСверстать страницу развёртки дома:\r\n- крупное фото, план и прозрачная сетка квартир на фоне фото, при наведении на дом, развёртку сделать менее прозрачной более яркой.\r\nНа страницу развёртки дома по параметру home_id вывести данные дома из БД (крупное фото дома, поэтажный план, в сетку квартир вывести данные из БД)\r\n\r\nСделать форму и её обработчик - позволяющие администраторы добавлять районы к городу, ЖК к району и дома к ЖК\r\nСоздайте 3 реальных жилых комплекса (пока без привязки к карте, но с привязкой к районам)\r\n\r\nСтраница Ижевска с выводом списка районов из базы данных.\r\n\r\nНаписать обработчик одобрения списка заявок привязки пользователей к квартирам.\r\nСтраница с формой редактирования квартиры - заполняет пользователь, и обработчик этой формы.\r\nВозможность разместить: 3 товара, услугу, потребность - товар или услуга.\r\nВозможность просмотреть список товаров и услуг дома должна быть только у зарегистрированных пользователей из того же жилого комплекса.', '', 1, 19, '2026-06-18 09:35:43'),
(53, '3 неделя\r\n\r\nВывод информации с бэкенда\r\n- Вывод списковой информации (категории, товары категории, заказы)\r\n- Вывод детальной информации (товар, заказ, личный кабинет)\r\n- скрипт создания корзины\r\n- добавление товара в корзину\r\n- скрипт перевода корзины в заказ\r\n\r\n------ подробнее ------\r\nВыборка из БД \r\n- подготовка SELECT запроса\r\n- выполнение SELECT запроса\r\nразбор результата выборки. Через fetch или  fetchAll\r\n- Вывести циклом foreach списковую информацию\r\n- Вывести через условные операторы детальную информацию\r\n- сформировать селекты(<select>) для форм\r\n- наполнить формы редактирования\r\nДобавление фильтров\r\nСоздание пагинатора (бесконечного)', '', 1, 21, '2026-06-18 09:35:43'),
(54, '3 неделя\r\n\r\nполучить масштаб и координаты - состояние карты подложки\r\n\r\nперетаскивание и масштабирование - пересчёт видимых точек\r\nизменить рисовку на контурном слое после перемещений.\r\n\r\nформировать path из созданного набора точек\r\nобратное преобразование - path  в набор точек на карте\r\nсохранять path в файл\r\nзагружать path из файла\r\n\r\ncntrl+click - взять ближайшую точку другого контура и добавить к текущему с отступом - перпендикулярным линии соединяющей две соседние точки относительно выделенной точки в контуре заимствования.\r\nвыделить контур. \r\nМеню дополнительных свойств объекта контура\r\nдействия над свойствами: переименовать, задать свойства.\r\ndel - удалить активный контур\r\nпересчёт координат географических и экранных - проверить на большом масштабе после перемещения карты по вертикали.\r\nСохранять и загружать контуры вместе со свойствами.', '', 1, 22, '2026-06-18 09:35:43'),
(55, '3 неделя (альтернативы)\r\n\r\nлибо развитие системного модуля в обработчик всех форм страницы (Данил Илья)\r\n\r\n----------\r\nлибо\r\nмодули\r\nunit transport - Илья\r\nbuild - Владислав\r\nenviroment item - Артур\r\nfraction furniture - Данил\r\n\r\nсцена - Артур\r\nкарта - Данил\r\nкамера - Олег и Максим\r\nэкран - Владислав, Илья\r\n\r\n----------\r\nлибо\r\nУчимся работать с javascript\r\nСоздание html с помощью javascript (table tr td): создание поля\r\nРабота с массивами данных: создание змейки\r\nРабота со свойствами и классами DOM: вывод статичной змейки\r\nработа с таймерами: движение и анимация\r\nРабота с условными операторами: замыкание границ поля\r\nНаписание обработчиков событий: работа с клавиатурой\r\nРабота с объектом event: получение кода нажатой клавиши\r\nВекторная логика движения: изменение направления змейки\r\nГенерация случайного положения с учётом препятствий: респаун еды\r\nСобираем игру змейку', '', 1, 23, '2026-06-18 09:35:43'),
(56, '3 неделя (альтернативы)\r\n\r\nсоздаём модуль камеры.\r\n- имеет координаты, цвет (для вывода рамки на миникарте) и масштаб (размер)\r\n- от масштаба зависит ширина и высота охвата\r\n- умеет возвращать своё внутреннее состояние\r\n- умеет перемещаться (менять координаты, с учётом границ сцены)\r\n- возможность изменить масштаб (в ограниченном диапазоне)\r\n- умеет получать данные из сцены: прямоугольник заданный её состоянием\r\n- возможность управлять с клавиатуры. (необходимость перерисовки экрана после движения)\r\n\r\n----------\r\nлибо\r\nУчимся работать с javascript\r\nСоздание html с помощью javascript (table tr td): создание поля\r\nРабота с массивами данных: создание змейки\r\nРабота со свойствами и классами DOM: вывод статичной змейки\r\nработа с таймерами: движение и анимация\r\nРабота с условными операторами: замыкание границ поля\r\nНаписание обработчиков событий: работа с клавиатурой\r\nРабота с объектом event: получение кода нажатой клавиши\r\nВекторная логика движения: изменение направления змейки\r\nГенерация случайного положения с учётом препятствий: респаун еды\r\nСобираем игру змейку', '', 1, 24, '2026-06-18 09:35:43'),
(57, '// переменные\r\n\r\nlet lastKeyCode = 37, // влево\r\nsnake, globalWidth, globalHeight, // задаём размер поля\r\ntimer = {id: null};\r\n\r\nfunction initialization(height, width) {\r\n    console.log(\'здесь создаём через вызов Table(w,h) и вставляем таблицу в документ и счётчик вызываем gameStart\');\r\n}\r\n\r\nfunction gameStart() {\r\n    console.log(\'инициализируем и респауним змейку и еду, затем устанавливаем таймер через setInterval у которого в качестве обработчика ставим самописный timeHandler возвращаем таймер\');\r\n}\r\n\r\nfunction gameOver() {\r\n}\r\n\r\nfunction Table(height, width) {\r\n    console.log(\'Эта функция создаёт и возвращает таблицу, обратите внимание на функции table.insertRow(-1); и row.insertCell(-1); чтобы не писать лишнего\');\r\n}\r\n\r\nfunction timeHandler() {\r\n    console.log(\'здесь только вызываем snake.step(globalWidth, globalHeight, lastKeyCode);\');\r\n}\r\n\r\nfunction getChar(event) {\r\n    console.log(\'распознаём код нажатой клавиши, всё кроме стрелок отбрасываем, результат записываем в lastKeyCode\');\r\n}\r\n\r\ncreateEat(length)\r\n\r\nfunction addCounter() {\r\n}\r\n\r\nfunction createCounter() {\r\n}\r\n\r\nfunction createSnake(x) {\r\n}\r\n\r\n// -------------- События --------------\r\ntimer.id = initialization(globalHeight, globalWidth);\r\naddEventListener(\"keydown\", getChar);', '', 1, 23, '2026-06-18 09:35:43'),
(58, '// класс змейки\r\nclass Snake {\r\n    // класс змейки должен содержать поля\r\n    direct: {x: -1, y: 0},\r\n    body: [];\r\n    \r\n    // и методы\r\n    getHead() // координаты головы\r\n    getLength() // длина змейки\r\n    respawn() // респауним созданную змейку\r\n    showSegment(i) // отобразить i ый сегмент? хорошо его инициализировать \r\n    // в = this.body.length - 1 так как обычно именно его будем отображать при анимации \r\n    // (исключение респаун)\r\n    newCoord() // вычисляем новые координаты = координаты головы + направление движения с учётом перехода границ поля\r\n    createSegment(x, y) // создаём новый сегмент по координатам\r\n    deleteTail()\r\n    getCeil(x, y) // хотя это метод поля, но можно реализовать как метод змейки\r\n    changeDirection(code) // меняем направление движения\r\n    eat(ceil) // съесть еду\r\n    step(width, height, lastKeyCode) // наиболее сложный метод, именно здесь применяем методы: смены направления, вычисления новых координат, проверки столкновения, съедание еды либо обычное движение, создаём и отображаем сегмент\r\n}', '', 1, 23, '2026-06-18 09:35:43');
INSERT INTO `reply` (`id`, `body`, `column2`, `author_id`, `replyable_id`, `datetime`) VALUES
(59, 'реализация методов по дням\r\n\r\nпн\r\nСоздание html с помощью javascript (table tr td): создание поля\r\nTable\r\ngetCeil(x, y)\r\nРабота с массивами данных: создание змейки\r\ncreateSnake\r\nсоздаём класс и объект змейки new Snake() с несколькими сегментами\r\n\r\ninitialization - наполняем постепенно в течении всех дней\r\ngameStart - наполняем постепенно\r\n\r\nвт\r\nРабота со свойствами и классами DOM: вывод статичной змейки\r\ngetHead()\r\ngetLength()\r\nrespawn()\r\nshowSegment(i)\r\nРабота с условными операторами: замыкание границ поля\r\nnewCoord()\r\nработа с таймерами: движение и анимация\r\ntimeHandler\r\ncreateSegment(x, y)\r\ndeleteTail()\r\nstep()\r\n\r\nср\r\nНаписание обработчиков событий: работа с клавиатурой\r\nРабота с объектом event: получение кода нажатой клавиши\r\ngetChar\r\n\r\nВекторная логика движения: изменение направления змейки\r\nchangeDirection(code)\r\n\r\nчт\r\nГенерация случайного положения с учётом препятствий: респаун еды\r\neat(ceil)\r\ncreateEat\r\n\r\nСобираем игру змейку\r\ngameOver\r\naddCounter\r\ncreateCounter', '', 1, 23, '2026-06-18 09:35:43'),
(60, '4я неделя\r\n\r\nпроверка модулей форума и настроек\r\n\r\nДобавить административный модуль редактирования модулей\r\n- модуль должен принадлежать к числу административных\r\n- должен позволять создавать новые модули и привязывать к ним таблицу\r\n- заносить данные о новом модуле в БД - устанавливать уровнь доступа к нему\r\n- в зависимости от уровня доступа модуля - создавать для него каталог в соответствующем каталоге.\r\n- В каталог модуля записывать файлы controller view\r\n- - с минимально необходимым функционалом для отображения информации из привязанной таблицы', '', 1, 18, '2026-06-18 09:35:43'),
(61, '4я неделя\r\n\r\nСверстать страницу дома\r\nСверстать Страницы редактирования жк и района ижевска\r\nСовету дома\r\nпредоставить доступ к просмотру и редактированию дополнительной информации: по квартирам и в целом по дому,\r\nвозможность создавать у дома дополнительные ветки форума.\r\nЛК - администратора для управления информацией по комплексам и районам.\r\nнапример загрузка картинок домов и т.д.\r\n- Создание js обработчиков для всех форм\r\n- добавление комментариев на форум для всех авторизованных пользователей, принадлежащих этому дому\r\nНаписать php обработчики всех форм', '', 1, 19, '2026-06-18 09:35:43'),
(62, '4я неделя\r\n\r\nдобавление товара в корзину\r\nпри нажатии на кнопку в корзину \r\nповесьте простой js-fetch с отправкой id выбранного товара на адрес файла\r\n/basket/add.php (файл создайте)\r\n в этом файле добавляйте пришедший id в $_SESSION[\'basket\'][$_POST[\'id\']] = 1\r\nесли там уже есть этот товар, увеличьте счётчик\r\n$_SESSION[\'basket\'][$_POST[\'id\']]++\r\n\r\nзатем считайте сколько у вас всего товаров лежит в сессии корзины и эхайте это число.\r\nполучив в ответ число, если оно больше 0, то рядом с надписью корзины добавляйте это число.\r\n\r\nНа странице самой корзины превратите массив id товаров циклом в строку, сделайте фильтр выборки товаров по этим id - и выведите их точно так же, как выводите на обычных своих страницах с товарами, только в компактные строки, 1 товар на строку и без картинок.\r\n\r\n\r\nскрипт перевода корзины в заказ\r\nПри нажатии заказать и заполнении полей заказчика и его телефона - переведите всю информацию из сессии корзины и формы заказчика в таблицу заказов со статусом формируется (formed).\r\nИ очистите сессию корзины:\r\n$_SESSION[\'basket\'] = array();\r\n\r\n\r\nСоздание пагинатора\r\nСоздание js обработчиков для всех форм \r\nсмотрите листинги любой 1 из: \r\n- обработчик авторизации https://q-pax.ru/blog/erid/it/back/sql/db_practice_3/\r\n- обработчик добавления записи https://q-pax.ru/blog/erid/it/back/sql/db_practice_4/\r\n- обработчик добавления пользователя https://q-pax.ru/blog/erid/it/back/sql/db_practice_6/\r\n\r\nсделать рабочими формы авторизации, регистрации\r\nдобавление товара в корзину\r\nизменение корзины\r\nоформление заказа\r\nдобавление комментариев\r\nдобавление и редактирование категорий товаров и самих товаров', '', 1, 21, '2026-06-18 09:35:43'),
(63, '4я неделя\r\n\r\nСобрать первичный вариант карты города и республики с использованием скрипта карты и path элементов\r\n+ название и описание\r\nenter - замкнуть контур и сохранить css контур\r\nвыделить контур переименовать, задать свойства\r\nперемещение подложки и контура\r\nвыделить группу контуров\r\nпостроить новый контур по внешним точкам группы контуров\r\nвнешние - пренадлежат 1 контуру\r\nлибо принадлежность к контурам, меньше количества соседних точек по всем контурам которым принадлежит', '', 1, 22, '2026-06-18 09:35:43'),
(64, '4я неделя\r\n\r\nsystem - должен сохранять и загружать файлы\r\nотправлять данные на сервер и обрабатывать ответ от сервера асинхронно\r\nнаписать модули\r\nscene - матрица территорий и расположенных на них объектов\r\nmap - пиксельное отображение сцены на канве с режимами объектов\r\ncamera\r\nscreen\r\n\r\nмодули\r\nunit transport - Илья\r\nbuild - Владислав\r\nenviroment item - Артур\r\nfraction furniture - Данил\r\n\r\nсцена - Артур\r\nкарта - Данил\r\nэкран - Владислав, Илья', '', 1, 23, '2026-06-18 09:35:43'),
(65, '4я неделя\r\n\r\nсоздаём модуль камеры.\r\n- имеет координаты, цвет (для вывода рамки на миникарте) и масштаб (размер)\r\n- от масштаба зависит ширина и высота охвата\r\n- умеет возвращать своё внутреннее состояние\r\n- умеет перемещаться (менять координаты, с учётом границ сцены)\r\n- возможность изменить масштаб (в ограниченном диапазоне)\r\n- умеет получать данные из сцены: прямоугольник заданный её состоянием\r\n- возможность управлять с клавиатуры. (необходимость перерисовки экрана после движения)', '', 1, 24, '2026-06-18 09:35:43'),
(66, '5я неделя\r\n\r\nсоздаём новый шаблон (копируем готовую вёрстку) и на него переносим один из магазинов\r\nОтладка и рефакторинг проекта\r\n\r\nПишем модуль-интерфейс административного добавления новых модулей по кнопке\r\n- модуль должен принадлежать к числу административных\r\n- должен позволять создавать новые модули и привязывать к ним таблицу\r\n- заносить данные о новом модуле в БД - устанавливать уровнь доступа к нему\r\n- В каталог модуля записывать файлы controller view\r\n- - с минимально необходимым функционалом для отображения информации из привязанной таблицы', '', 1, 18, '2026-06-18 09:35:43'),
(67, '5я неделя\r\n\r\nпроверить наличие страниц: домов, кварталов, микрорайонов, магазинов.\r\nДобавляем карты\r\nдобавляем на карты мвеу и 1с-Ижтиси\r\n\r\nЛК - администратора для управления информацией по комплексам и районам.\r\nнапример загрузка картинок домов и т.д.\r\n- Создание js обработчиков для всех форм\r\nphp обработчики всех форм\r\n\r\nветки форума закрепляются за объектами разных уровней: для всего микрорайона, для квартала, для дома.\r\nПо дому выводить дополнительную информацию - интегрально предоставляемые и требуемые услуги жильцов, список товаров.\r\n- Создание пагинатора для товаров и услуг.', '', 1, 19, '2026-06-18 09:35:43'),
(68, '5я неделя\r\n\r\nПротестировать работу корзины и заказов\r\nФормы администрирования категорий и товаров\r\nФронтенд обработка форм администрирования\r\nи администрирование - скрипты изменения записей в БД.\r\nдобавление и редактирование категорий товаров и самих товаров\r\nОтладка и рефакторинг проекта', '', 1, 21, '2026-06-18 09:35:43'),
(69, '5я неделя\r\n\r\nполучить масштаб и координаты - состояние карты подложки\r\n- пересчёт координат географических и экранных - проверить на большом масштабе после перемещения карты по вертикали\r\nзагрузка контуров из файла\r\ncntrl+click - взять ближайшую точку другого контура\r\n\r\nстраница редактирования контуров\r\nвыделить контур переименовать, задать свойства\r\ndel - удалить активный контур\r\nвыделить группу контуров\r\nпостроить новый контур по внешним точкам группы\r\nвнешние - пренадлежат 1 контуру\r\nлибо принадлежность к контурам меньше количества соседних точек по всем контурам которым принадлежит\r\n\r\nс помощью инструмента оцифровать карты районов удмуртии и районов Ижевска\r\nвывести результат на страницу с подключенными map.js и contur.js - содержащий path\'ы', '', 1, 22, '2026-06-18 09:35:43'),
(70, '5я неделя\r\n\r\nbuild_factory - Владислав\r\nдоработка scene - Артур\r\nscreen - Илья\r\nbuild_interface - Данил\r\ncamera - Олег\r\nmap_editor - Максим\r\n\r\nмодули\r\nscene - дописать функционал редактирования сцены, работы со зданиями и загрузки и сохранения в файл\r\nbuild_factory - хранилище зданий размещённых на сцене\r\ncamera - модуль камеры\r\nscreen - модуль экрана выводит картинки объектов сцены\r\nbuild_interface - строит интерфейс управления внутренними свойствами здания', '', 1, 23, '2026-06-18 09:35:43'),
(71, '5я неделя\r\n\r\ncamera - Олег\r\nmap_editor - Максим\r\n\r\nмодули.\r\nmap_editor - позволяет редактировать сцену, достраивать спрайты тайлов и отменять действия\r\ncamera - модуль камеры', '', 1, 24, '2026-06-18 09:35:43');

-- --------------------------------------------------------

--
-- Структура таблицы `role`
--

CREATE TABLE `role` (
  `id` int NOT NULL,
  `name` varchar(30) NOT NULL
) ENGINE=InnoDB DEFAULT CHARSET=utf8mb3;

--
-- Дамп данных таблицы `role`
--

INSERT INTO `role` (`id`, `name`) VALUES
(1, 'Администратор'),
(2, 'Куратор'),
(3, 'Преподаватель'),
(4, 'Студент');

-- --------------------------------------------------------

--
-- Структура таблицы `studies`
--

CREATE TABLE `studies` (
  `group_id` int NOT NULL,
  `discipline_id` int NOT NULL,
  `teacher` int NOT NULL DEFAULT '0'
) ENGINE=InnoDB DEFAULT CHARSET=utf8mb3;

--
-- Дамп данных таблицы `studies`
--

INSERT INTO `studies` (`group_id`, `discipline_id`, `teacher`) VALUES
(4, 1, 1),
(4, 2, 1),
(4, 6, 1),
(5, 1, 1),
(5, 2, 1),
(6, 3, 1),
(6, 6, 1),
(7, 3, 0),
(8, 5, 1),
(9, 1, 1),
(10, 3, 1),
(10, 8, 174),
(11, 3, 1),
(12, 3, 1),
(13, 3, 1),
(14, 3, 1),
(16, 3, 1),
(16, 7, 1),
(17, 3, 171),
(17, 7, 171),
(18, 3, 172),
(18, 7, 172),
(19, 3, 171),
(19, 7, 171),
(20, 3, 172),
(20, 7, 172),
(21, 1, 1),
(21, 2, 1),
(21, 3, 1),
(21, 7, 1),
(22, 1, 1),
(22, 2, 1),
(22, 3, 1),
(22, 7, 1);

-- --------------------------------------------------------

--
-- Структура таблицы `thread`
--

CREATE TABLE `thread` (
  `id` int NOT NULL,
  `parent` int NOT NULL DEFAULT '0',
  `title` varchar(64) NOT NULL,
  `author_id` int NOT NULL,
  `hide` tinyint(1) NOT NULL DEFAULT '0',
  `closed` tinyint(1) NOT NULL DEFAULT '0',
  `solution_reply_id` int DEFAULT NULL,
  `slug` varchar(50) NOT NULL
) ENGINE=InnoDB DEFAULT CHARSET=utf8mb3;

--
-- Дамп данных таблицы `thread`
--

INSERT INTO `thread` (`id`, `parent`, `title`, `author_id`, `hide`, `closed`, `solution_reply_id`, `slug`) VALUES
(12, 0, 'Правила форума', 1, 0, 0, NULL, 'admin_agreement'),
(13, 0, 'Проектирование баз данных', 1, 0, 0, NULL, 'forum_registration_user'),
(14, 0, 'SQL - язык запросов', 1, 0, 0, NULL, 'db_project'),
(15, 0, 'PHP - серверные скрипты', 1, 0, 0, NULL, 'psyche'),
(16, 0, 'Javascript - обработка событий', 1, 0, 0, NULL, 'sql'),
(17, 0, 'Свободная тема', 1, 0, 0, NULL, 'forum_themes'),
(18, 0, 'Практика бэкенд: управление контентом', 1, 0, 0, NULL, 'php'),
(19, 0, 'Практика бэкенд: жилые комплексы', 1, 0, 0, NULL, ''),
(21, 0, 'Практика бэкенд: магазины', 1, 0, 0, NULL, 'back_store'),
(22, 0, 'Практика фронтенд: контурные карты', 1, 0, 0, NULL, ''),
(23, 0, 'Практика фронтенд: модули', 1, 0, 0, NULL, ''),
(24, 0, 'Практика фронтенд: тайловый редактор', 1, 0, 0, NULL, '');

-- --------------------------------------------------------

--
-- Структура таблицы `topic`
--

CREATE TABLE `topic` (
  `id` int NOT NULL,
  `library_id` int NOT NULL,
  `title` varchar(100) CHARACTER SET utf8mb4 COLLATE utf8mb4_general_ci NOT NULL,
  `image` varchar(50) CHARACTER SET utf8mb4 COLLATE utf8mb4_general_ci NOT NULL,
  `name` varchar(100) CHARACTER SET utf8mb4 COLLATE utf8mb4_general_ci NOT NULL,
  `author` varchar(50) CHARACTER SET utf8mb4 COLLATE utf8mb4_general_ci NOT NULL,
  `year` year NOT NULL
) ENGINE=InnoDB DEFAULT CHARSET=utf8mb4 COLLATE=utf8mb4_general_ci;

--
-- Дамп данных таблицы `topic`
--

INSERT INTO `topic` (`id`, `library_id`, `title`, `image`, `name`, `author`, `year`) VALUES
(1, 1, 'Учебники по основам разметки', 'assets/img/html-book.png', 'HTML & CSS: Design and Build Websites', 'Jon Duckett', 2014),
(2, 2, 'Стили и вёрстка', 'assets/img/css-book.png', 'CSS: The Missing Manual', 'David McFarland', 2015),
(3, 3, 'Программирование', 'assets/img/js-book.png', 'Современный учебник JavaScript', 'Илья Кантор', 2014);

-- --------------------------------------------------------

--
-- Структура таблицы `user`
--

CREATE TABLE `user` (
  `id` int NOT NULL,
  `login` varchar(30) NOT NULL,
  `password` varchar(512) CHARACTER SET utf8mb3 COLLATE utf8mb3_general_ci NOT NULL,
  `family` varchar(20) CHARACTER SET utf8mb3 COLLATE utf8mb3_general_ci DEFAULT NULL,
  `name` varchar(20) CHARACTER SET utf8mb3 COLLATE utf8mb3_general_ci DEFAULT NULL,
  `surname` varchar(20) CHARACTER SET utf8mb3 COLLATE utf8mb3_general_ci DEFAULT NULL,
  `group_id` int NOT NULL,
  `expel` int NOT NULL DEFAULT '0' COMMENT 'на отчисление',
  `expel_from` int DEFAULT NULL COMMENT 'группа из которой отчислен',
  `email` varchar(256) NOT NULL
) ENGINE=InnoDB DEFAULT CHARSET=utf8mb3;

--
-- Дамп данных таблицы `user`
--

INSERT INTO `user` (`id`, `login`, `password`, `family`, `name`, `surname`, `group_id`, `expel`, `expel_from`, `email`) VALUES
(1, 'e', 'polis321', 'Копанев', 'Константин', '', 3, 0, 0, 'ksjdsjd'),
(2, 'sdsds', '', 'Баранов', 'Данил', '', 4, 0, 0, 'fdgfdgdfg'),
(3, 'sds', '', 'Бобокалонов', 'Абду', '', 4, 0, 0, 'hgjhgkh'),
(4, 'gggg', '', 'Богданов', 'Рома', '', 4, 0, 0, 'gdfgfdghf'),
(5, 'fgfgfg', '', 'Буторина', 'Алина', '', 4, 1, 0, 'ffffffffffffff'),
(6, '', '', 'Волменских', 'Савелий', '', 4, 0, 0, ''),
(7, '', '', 'Жевлаков', 'Данил', '', 4, 1, 0, ''),
(8, '', '', 'Колесов', 'Артем', '', 4, 0, 0, ''),
(9, '', '', 'Корепанов', 'Евгений', '', 4, 1, 0, ''),
(10, '', '', 'Лекомцев', 'Никита', '', 6, 0, 0, ''),
(11, '', '', 'Матвеев', 'Кирилл', '', 4, 0, 0, ''),
(12, '', '', 'Минеев', 'Лев', '', 4, 0, 0, ''),
(13, '', '', 'Пушкин', 'Владислав', '', 4, 0, 0, ''),
(14, '', '', 'Сагалов', 'Иван', '', 4, 0, 0, ''),
(15, '', '', 'Скрипник', 'Данил', '', 4, 1, 0, ''),
(16, '', '', 'Смирнов', 'Илья', '', 4, 0, 0, ''),
(17, '', '', 'Счастливцев', 'Илья', '', 4, 0, 0, ''),
(18, '', '', 'Ульянова', 'Елизавета', '', 15, 1, 12, ''),
(19, '', '', 'Фахриев', 'Булат', '', 4, 1, 0, ''),
(20, '', '', 'Хабиров', 'Алмаз', '', 7, 0, 0, ''),
(21, '', '', 'Хохряков', 'Никита', '', 4, 0, 0, ''),
(22, '', '', 'Чепкасов', 'Дмитрий', '', 4, 1, 0, ''),
(23, '', '', 'Шкляев', 'Роман', '', 4, 0, 0, ''),
(29, '', '', 'Мыльников', 'Артур', '', 4, 0, 0, ''),
(30, '', '', 'Чувалджан', 'Арам', '', 4, 0, 0, ''),
(31, '', '', 'Москвин', 'Денис', '', 4, 0, 0, ''),
(32, '', '', 'Стяжкин', 'Владислав', '', 4, 0, 0, ''),
(33, '', '', 'Фрейдин', 'Артем', '', 4, 0, 0, ''),
(34, '', '', 'Блинов', 'Артем', '', 5, 0, 0, ''),
(35, '', '', 'Варламов', 'Максим', '', 5, 0, 0, ''),
(36, '', '', 'Дерендяев', 'Антон', '', 5, 0, 0, ''),
(37, '', '', 'Жирнов', 'Андрей', '', 5, 0, 0, ''),
(38, '', '', 'Зайцев', 'Даниил', '', 5, 0, 0, ''),
(39, '', '', 'Зиннатов', 'Марат', '', 5, 0, 0, ''),
(40, '', '', 'Зыкин', 'Максим', '', 5, 0, 0, ''),
(41, '', '', 'Ижболдин', 'Артем', '', 5, 0, 0, ''),
(42, '', '', 'Карелин', 'Тимофей', '', 5, 0, 0, ''),
(43, '', '', 'Квакин', 'Владислав', '', 6, 0, 0, ''),
(44, '', '', 'Касаткин', 'Илья', '', 5, 0, 0, ''),
(45, '', '', 'Козырев', 'Даниил', '', 5, 1, 0, ''),
(46, '', '', 'Красовицкий', 'Александр', '', 5, 0, 0, ''),
(47, '', '', 'Морозов', 'Владислав', '', 5, 0, 0, ''),
(48, '', '', 'Мурзин', 'Кирилл', '', 5, 0, 0, ''),
(49, '', '', 'Овчинников', 'Всеволод', '', 5, 0, 0, ''),
(50, '', '', 'Одегов', 'Денис', '', 5, 0, 0, ''),
(51, '', '', 'Правилов', 'Богдан', '', 5, 0, 0, ''),
(52, '', '', 'Халтурин', 'Василий', '', 5, 0, 0, ''),
(53, '', '', 'Чигвинцев', 'Лев', '', 5, 0, 0, ''),
(54, '', '', 'Чижов', 'Илья', '', 5, 0, 0, ''),
(55, '', '', 'Чубуков', 'Дмитрий', '', 5, 0, 0, ''),
(56, '', '', 'Шувалов', 'Иван', '', 5, 0, 0, ''),
(57, '', '', 'Ворончихин', 'Кирилл', '', 5, 0, 0, ''),
(58, '', '', 'Кучмайда', 'Максим', '', 5, 0, 0, ''),
(59, '', '', 'Лекомцев', 'Егор', '', 4, 0, 0, ''),
(60, '', '', 'Ложкин', 'Роман', '', 5, 0, 0, ''),
(61, '', '', 'Михайлов', 'Роман', '', 4, 0, 0, ''),
(62, '', '', 'Лялин', 'Дмитрий', '', 4, 0, 0, ''),
(63, '', '', 'Тузов', 'Данил', '', 5, 1, 0, ''),
(64, 'kuznecov', 'hjk345', 'Кузнецов', 'Владислав', '', 3, 0, 0, ''),
(65, '', '', 'Тестов', 'Студент', '', 7, 0, 0, ''),
(66, '', '', 'Кислякова', 'Екатерина', '', 4, 0, 0, ''),
(67, '', '', 'Романов', 'Артём', '', 4, 0, 0, ''),
(68, '', '', 'Тимкина', 'Дания', '', 4, 0, 0, ''),
(74, '', '', 'Барабанщиков', 'Кирилл', '', 6, 0, 0, ''),
(75, '', '', 'Бегишева', 'Евгения', '', 6, 0, 0, ''),
(76, '', '', 'Безносова', 'Дарья', '', 6, 0, 0, ''),
(77, '', '', 'Борисов', 'Владислав', '', 6, 0, 0, ''),
(78, '', '', 'Вахрушев', 'Никита', '', 6, 0, 0, ''),
(79, '', '', 'Ворончихин', 'Д', '', 6, 0, 0, ''),
(80, '', '', 'Гимазетдинова', 'Екатерина', '', 6, 0, 0, ''),
(81, '', '', 'Глушкова', 'Юлия', '', 6, 0, 0, ''),
(82, '', '', 'Голяшев', 'Никита', '', 6, 0, 0, ''),
(83, '', '', 'Гущин', 'Никита', '', 6, 0, 0, ''),
(84, '', '', 'Девятых', 'Матвей', '', 6, 0, 0, ''),
(85, '', '', 'Демченко', 'Евгений', '', 6, 0, 0, ''),
(86, '', '', 'Дорошевская', 'Полина', '', 6, 0, 0, ''),
(87, '', '', 'Знакова', 'София', '', 6, 0, 0, ''),
(88, '', '', 'Иванова', 'Мария', '', 6, 0, 0, ''),
(89, '', '', 'Избеков', 'Артём', '', 6, 0, 0, ''),
(90, '', '', 'Колбин', 'Егор', '', 6, 0, 0, ''),
(91, '', '', 'Колотов', 'Роман', '', 6, 0, 0, ''),
(92, '', '', 'Коновалов', 'Вадим', '', 6, 0, 0, ''),
(93, '', '', 'Лагунова', 'П', '', 6, 0, 0, ''),
(94, '', '', 'Лаухина', 'Мария', '', 6, 0, 0, ''),
(95, '', '', 'Лекомцев', 'Д', '', 6, 0, 0, ''),
(96, '', '', 'Скворцов', 'Владимир', '', 6, 0, 0, ''),
(97, '', '', 'Аднокулов', 'Никита', '', 15, 1, 10, ''),
(98, '', '', 'Бандуков', 'Максим', '', 10, 0, 0, ''),
(99, '', '', 'Васильев', 'Павел', '', 10, 0, 0, ''),
(100, '', '', 'Горохов', 'Данил', '', 10, 0, 0, ''),
(101, '', '', 'Газетдинов', 'Ильнур', '', 10, 0, 0, ''),
(102, '', '', 'Дудургов', 'Аслан', '', 10, 0, 0, ''),
(103, '', '', 'Иванов', 'Владислав', '', 10, 0, 0, ''),
(104, '', '', 'Екимова', 'Ева', '', 10, 0, 0, ''),
(105, '', '', 'Загребина', 'Виктория', '', 10, 0, 0, ''),
(106, '', '', 'Корепанов', 'Владислав', '', 10, 0, 0, ''),
(107, '', '', 'Махмудов', 'Артур', '', 10, 0, 0, ''),
(108, '', '', 'Макаров', 'Роман', '', 10, 0, 0, ''),
(109, '', '', 'Наговицына', 'Яна', '', 10, 0, 0, ''),
(110, '', '', 'Своеволина', 'Анжелика', '', 10, 0, 0, ''),
(111, '', '', 'Соковнина', 'Софья', '', 15, 1, 10, ''),
(112, '', '', 'Сухов', 'Кирилл', '', 10, 0, 0, ''),
(113, '', '', 'Татарских', 'Карина', '', 15, 1, 10, ''),
(114, '', '', 'Теньсина', 'Дарья', '', 10, 0, 0, ''),
(115, '', '', 'Цупрун', 'Никита', '', 10, 0, 0, ''),
(116, '', '', 'Четкарева', 'Анна', '', 10, 0, 0, ''),
(117, '', '', 'Шадрина', 'Марина', '', 10, 0, 0, ''),
(118, '', '', 'Просвернин', 'Ярослав', '', 10, 0, 0, ''),
(119, '', '', 'Бычков', 'Михаил', '', 11, 0, 0, ''),
(120, '', '', 'Белоусов', 'Тимур', '', 11, 0, 0, ''),
(121, '', '', 'Коновалов', 'Владислав', '', 11, 1, 0, ''),
(122, '', '', 'Ельцов', 'Сергей', '', 11, 0, 0, ''),
(123, '', '', 'Вязников', 'Павел', '', 11, 0, 0, ''),
(124, '', '', 'Иванов', 'Владимир', '', 11, 1, 0, ''),
(125, '', '', 'Кондратьев', 'Никита', '', 11, 0, 0, ''),
(126, '', '', 'Максимычев', 'Вадим', '', 10, 0, 0, ''),
(127, '', '', 'Пушин', 'Илья', '', 11, 0, 0, ''),
(128, '', '', 'Раленский', 'Владислав', '', 11, 0, 0, ''),
(129, '', '', 'Державин', 'Данил', '', 11, 0, 0, ''),
(130, '', '', 'Смолин', 'Максим', '', 11, 0, 0, ''),
(131, '', '', 'Вотинцев', 'Вячеслав', '', 11, 0, 0, ''),
(132, '', '', 'Фасхутдинов', 'Данил', '', 11, 0, 0, ''),
(133, '', '', 'Голубев', 'Никита', '', 10, 0, 0, ''),
(134, '', '', 'Шляпников', 'Даниил', '', 15, 1, 11, ''),
(135, '', '', 'Сайфуллин', 'Айрат', '', 11, 0, 0, ''),
(136, '', '', 'Кирбин', 'Всеволод', '', 12, 0, 0, ''),
(137, '', '', 'Котельников', 'Егор\r', '', 12, 0, 0, ''),
(138, '', '', 'Крестьянинов', 'Илья', '', 12, 0, 0, ''),
(139, '', '', 'Мангушев', 'Владимир\r', '', 12, 0, 0, ''),
(140, '', '', 'Опоев', 'Дмитрий\r', '', 12, 0, 0, ''),
(141, '', '', 'Осколков', 'Иван', '', 15, 1, 12, ''),
(142, '', '', 'Перевозчиков', 'Илья', '', 12, 0, 0, ''),
(143, '', '', 'Поспелов', 'Роман\r', '', 15, 1, 12, ''),
(144, '', '', 'Романов', 'Кирилл', '', 12, 0, 0, ''),
(145, '', '', 'Рылов', 'Константин', '', 15, 1, 12, ''),
(146, '', '', 'Садыков', 'Данил', '', 12, 0, 0, ''),
(147, '', '', 'Смирнов', 'Виктор\r', '', 12, 0, 0, ''),
(148, '', '', 'Шайхутдинов', 'Амир\r', '', 12, 0, 0, ''),
(149, '', '', 'Шамсутдинов', 'Рашит\r', '', 15, 1, 12, ''),
(150, '', '', 'Бельтюков', 'Алексей', '', 13, 0, 0, ''),
(151, '', '', 'Егоров', 'Игорь\r', '', 13, 0, 0, ''),
(152, '', '', 'Котельников', 'Максим\r', '', 13, 1, 0, ''),
(153, '', '', 'Огорельцев', 'Дмитрий', '', 13, 0, 0, ''),
(154, '', '', 'Поздеев', 'Илья', '', 15, 1, 13, ''),
(155, '', '', 'Шамшурин', 'Иван', '', 13, 0, 0, ''),
(156, '', '', 'Гасанов', 'Шамиль\r', '', 14, 0, 0, ''),
(157, '', '', 'Бурков', 'максим\r', '', 14, 0, 0, ''),
(158, '', '', 'Балабанова', 'Лидия\r', '', 15, 1, 14, ''),
(159, '', '', 'Венедиктов', 'Александр', '', 14, 0, 0, ''),
(160, '', '', 'Жигулев', 'Дмитрий', '', 14, 0, 0, ''),
(161, '', '', 'Зорин', 'Алексей\r', '', 15, 1, 14, ''),
(162, '', '', 'Коновалов', 'Андрей\r', '', 14, 0, 0, ''),
(163, '', '', 'Макаров', 'Илья\r', '', 14, 0, 0, ''),
(164, '', '', 'Пономарев', 'Виктор', '', 15, 1, 14, ''),
(165, '', '', 'Порошин', 'Максим\r', '', 14, 1, 0, ''),
(166, '', '', 'Санников', 'Максим\r', '', 15, 1, 14, ''),
(167, '', '', 'Талыпин', 'Владимир', '', 15, 1, 14, ''),
(168, '', '', 'Филиппов', 'Герман', '', 14, 0, 0, ''),
(169, '', '', 'Перевозчиков', 'Артур\r', '', 15, 1, 14, ''),
(170, '', '', 'Саттаров', 'Тимур', '', 15, 1, 14, ''),
(171, 'nata', 'ret432', '', 'Наталья', 'Александровна', 3, 0, 0, ''),
(172, 'arina', 'rty678', '', 'Арина', '', 3, 0, 0, ''),
(173, '', '', 'Афанасьева', 'Виктория', 'Анатольевна', 26, 1, 16, ''),
(174, 'go', 'inter543', 'Бегишева', 'Галина', '', 3, 0, 0, ''),
(178, '', '', 'Бакаева', 'Анастасия', 'Максимовна', 16, 0, 0, ''),
(179, '', '', 'Батршин', 'Айдар', 'Айратович', 16, 0, 0, ''),
(180, '', '', 'Батуев', 'Никита', 'Евгеньевич', 16, 0, 0, ''),
(181, '', '', 'Бердников', 'Александр', 'Сергеевич', 16, 0, 0, ''),
(182, '', '', 'Васильев', 'Максим', 'Константинович', 16, 0, 0, ''),
(183, '', '', 'Васильева', 'Виктория', 'Игоревна', 26, 1, 16, ''),
(184, '', '', 'Васильева', 'Софья', 'Сергеевна', 16, 0, 0, ''),
(185, '', '', 'Гарифулин', 'Марсель', 'Ильдарович', 16, 0, 0, ''),
(186, '', '', 'Гусева', 'Валерия', 'Витальевна', 16, 0, 0, ''),
(187, '', '', 'Глухова', 'Олеся', 'Владимировна', 16, 0, 0, ''),
(188, '', '', 'Джураев', 'Шахром', 'Набижонович', 16, 0, 0, ''),
(189, '', '', 'Загребина', 'Виктория', 'Андреевна', 16, 0, 0, ''),
(190, '', '', 'Зайнетдинов', 'Данияр', 'Радикович', 16, 0, 0, ''),
(191, '', '', 'Кривилев', 'Алексей', 'Сергеевич', 16, 0, 0, ''),
(192, '', '', 'Матвеев', 'Павел', 'Александрович', 16, 0, 0, ''),
(193, '', '', 'Пивоваров', 'Владимир', 'Андреевич', 16, 0, 0, ''),
(194, '', '', 'Проханова', 'Юлия', 'Сергеевна', 26, 1, 16, ''),
(195, '', '', 'Рудь', 'Владислав', 'Валерьевич', 16, 0, 0, ''),
(196, '', '', 'Семакова', 'Светлана', 'Викторовна', 16, 0, 0, ''),
(197, '', '', 'Семухина', 'Мария', 'Евгеньевна', 16, 0, 0, ''),
(198, '', '', 'Тюрин', 'Александр', 'Владимирович', 26, 1, 16, ''),
(199, '', '', 'Хуснияров', 'Алмаз', 'Андреевич', 26, 1, 16, ''),
(200, '', '', 'Чирков', 'Святослав', 'Михайлович', 16, 0, 0, ''),
(201, '', '', 'Шурмина', 'Ульяна', 'Сергеевна', 26, 1, 16, ''),
(202, '', '', 'Васильев', 'Ян', 'Андреевич', 16, 0, 0, ''),
(203, '', '', 'Вахрушев', 'Никита', 'Андреевич', 16, 0, 0, ''),
(204, '', '', 'Карипов', 'Ильназ', 'Илдарович', 16, 0, 0, ''),
(205, '', '', 'Остасевич', 'Артемий', 'Александрович', 16, 0, 0, ''),
(206, '', '', 'Селивёрстов', 'Кирилл', 'Олегович', 16, 0, 0, ''),
(207, '', '', 'Пивоваров', 'Артём', 'Артурович', 26, 1, 16, ''),
(208, '', '', 'Александров ', 'Виталий', '', 17, 0, 0, ''),
(209, '', '', 'Ардашев', 'Артём', '', 17, 0, 0, ''),
(210, '', '', 'Власов', 'Глеб', '', 17, 0, 0, ''),
(211, '', '', 'Герасимов', 'Артур', '', 19, 0, NULL, ''),
(212, '', '', 'Дедюхин', 'Артур', '', 17, 0, NULL, ''),
(213, '', '', 'Денисов', 'Дмитрий', '', 17, 0, NULL, ''),
(214, '', '', 'Диченский', 'Всеволод', '', 17, 0, NULL, ''),
(215, '', '', 'Дорош', 'Арсентий', '', 17, 0, NULL, ''),
(216, '', '', 'Желтышев', 'Илья', '', 17, 0, NULL, ''),
(217, '', '', 'Караваев', 'Максим', '', 17, 0, NULL, ''),
(218, '', '', 'Киселев', 'Илья', '', 17, 0, NULL, ''),
(219, '', '', 'Коковихин', 'Григорий', '', 17, 0, NULL, ''),
(220, '', '', 'Корепанов', 'Роман', '', 17, 0, NULL, ''),
(221, '', '', 'Клюкин', 'Иван', '', 17, 0, NULL, ''),
(222, '', '', 'Лукиных', 'Владислав', '', 17, 0, NULL, ''),
(223, '', '', 'Матвеев', 'Ярослав', '', 17, 0, NULL, ''),
(224, '', '', 'Машканцев', 'Никита', '', 17, 0, NULL, ''),
(225, '', '', 'Машков', 'Артём', '', 17, 0, NULL, ''),
(226, '', '', 'Пантелеев', 'Александр', '', 17, 0, NULL, ''),
(227, '', '', 'Романов', 'Артемий', '', 17, 0, NULL, ''),
(228, '', '', 'Сасарев', 'Сергей', '', 17, 0, NULL, ''),
(229, '', '', 'Сизов', 'Михаил', '', 17, 0, NULL, ''),
(230, '', '', 'Швецова', 'Дарья', '', 17, 0, NULL, ''),
(231, '', '', 'Шматов', 'Алексей', '', 17, 0, NULL, ''),
(232, '', '', 'Ямалеев', 'Роман', '', 17, 0, NULL, ''),
(233, '', '', 'Бегишев', 'Максим', '', 19, 0, NULL, ''),
(234, '', '', 'Бурков', 'Матвей', '', 26, 1, 19, ''),
(235, '', '', 'Вахрушев', 'Леонид', '', 19, 0, NULL, ''),
(236, '', '', 'Волков', 'Егор', '', 19, 0, NULL, ''),
(237, '', '', 'Ворончихин', 'Тимофей', '', 19, 0, NULL, ''),
(238, '', '', 'Вяткин', 'Егор', '', 19, 0, NULL, ''),
(239, '', '', 'Горшков', 'Евгений', '', 16, 0, 19, ''),
(240, '', '', 'Добрынин', 'Савелий', '', 19, 0, NULL, ''),
(241, '', '', 'Ермолаев', 'Даниил', '', 19, 0, NULL, ''),
(242, '', '', 'Зверев', 'Денис', '', 19, 0, NULL, ''),
(243, '', '', 'Зыков', 'Ильнур', '', 19, 0, NULL, ''),
(244, '', '', 'Измайлов', 'Тимур', '', 19, 0, NULL, ''),
(245, '', '', 'Коробейников', 'Ярослав', '', 19, 0, NULL, ''),
(246, '', '', 'Костицын', 'Всеволод', '', 19, 0, NULL, ''),
(247, '', '', 'Красноперов', 'Никита', '', 19, 0, NULL, ''),
(248, '', '', 'Курбатов', 'Даниил', '', 16, 0, 19, ''),
(249, '', '', 'Малахова', 'Анастасия', '', 19, 0, NULL, ''),
(250, '', '', 'Мосин', 'Александр', '', 19, 0, NULL, ''),
(251, '', '', 'Наргисов', 'Ильяс', '', 19, 0, NULL, ''),
(252, '', '', 'Никитин', 'Артем', '', 19, 0, NULL, ''),
(253, '', '', 'Нусс', 'Владислав', '', 19, 0, NULL, ''),
(254, '', '', 'Прохоров', 'Артем', '', 26, 1, 19, ''),
(255, '', '', 'Сахабутдинов', 'Сулейман', '', 19, 0, NULL, ''),
(256, '', '', 'Ситников', 'Дмитрий', '', 19, 0, NULL, ''),
(257, '', '', 'Устюжанин', 'Александр', '', 19, 0, NULL, ''),
(258, '', '', 'Фатхуллин', 'Амир', '', 19, 0, NULL, ''),
(259, '', '', 'Шатунов', 'Максим', '', 19, 0, NULL, ''),
(260, '', '', 'Шибанов', 'Дмитрий', '', 19, 0, NULL, ''),
(261, '', '', 'Абалтусов', 'Максим', 'Александрович', 18, 0, NULL, ''),
(262, '', '', 'Александров', 'Данил', 'Олегович', 18, 0, NULL, ''),
(263, '', '', 'Анисенков', 'Михаил', 'Прашантович', 18, 0, NULL, ''),
(264, '', '', 'Анисимова', 'Кристина', 'Алексеевна', 18, 0, NULL, ''),
(265, '', '', 'Белобородов', 'Назар', 'Арменович', 18, 0, NULL, ''),
(266, '', '', 'Гуменников', 'Фёдор', 'Николаевич', 18, 0, NULL, ''),
(267, '', '', 'Гущин', 'Кирилл', 'Андреевич', 18, 0, NULL, ''),
(268, '', '', 'Каштанов', 'Марк', 'Владимирович', 18, 0, NULL, ''),
(269, '', '', 'Князев', 'Самед', 'Гурбанович', 18, 0, NULL, ''),
(270, '', '', 'Курлов', 'Егор', 'Иванович', 18, 0, NULL, ''),
(271, '', '', 'Лобанов', 'Максим', 'Сергеевич', 18, 0, NULL, ''),
(272, '', '', 'Максимов', 'Даниил', 'Сергеевич', 18, 0, NULL, ''),
(273, '', '', 'Митюхин', 'Павел', 'Андреевич', 18, 0, NULL, ''),
(274, '', '', 'Назаров', 'Кирилл', 'Алексеевич', 18, 0, NULL, ''),
(275, '', '', 'Нурмехаметов', 'Айзат', 'Линарович', 16, 0, 18, ''),
(276, '', '', 'Павлюк', 'Данил', 'Ярославович', 16, 0, 18, ''),
(277, '', '', 'Падерина', 'Диана', 'Евгеньевна', 18, 0, NULL, ''),
(278, '', '', 'Пестерев', 'Ромен', 'Вячеславович', 18, 0, NULL, ''),
(279, '', '', 'Петров', 'Ярослав', 'Павлович', 18, 0, NULL, ''),
(280, '', '', 'Плешков', 'Сергей', 'Александрович', 18, 0, NULL, ''),
(281, '', '', 'Поздеев', 'Матвей', 'Александрович', 18, 0, NULL, ''),
(282, '', '', 'Проскурина', 'Диана', 'Александровна', 18, 0, NULL, ''),
(283, '', '', 'Пушин', 'Артём', 'Радикович', 18, 0, NULL, ''),
(284, '', '', 'Савин', 'Дмитрий', 'Леонидович', 16, 0, 18, ''),
(285, '', '', 'Самакеев', 'Александр', 'Сергеевич', 16, 0, NULL, ''),
(286, '', '', 'Тимофеев', 'Кирилл', 'Русланович', 18, 0, NULL, ''),
(287, '', '', 'Урванцева', 'Анастасия', 'Алексеевна', 18, 0, NULL, ''),
(288, '', '', 'Шагиахметов', 'Андрей', 'Александрович', 18, 0, NULL, ''),
(289, '', '', 'Шакиров', 'Давид', 'Равилевич', 18, 0, NULL, ''),
(290, '', '', 'Шалагин', 'Владислав', 'Дмитриевич', 18, 0, NULL, ''),
(291, '', '', 'Шарыпов', 'Марсель', 'Альбертович', 18, 0, NULL, ''),
(292, '', '', 'Боровиков', 'Александр', 'Владимирович', 20, 0, NULL, ''),
(293, '', '', 'Благинин', 'Богдан', 'Станиславович', 20, 0, NULL, ''),
(294, '', '', 'Быстриков', 'Михаил', 'Витальевич', 20, 0, NULL, ''),
(295, '', '', 'Быстрова', 'Арина', 'Алексеевна', 20, 0, NULL, ''),
(296, '', '', 'Губайдуллин', 'Фахрат', 'Фанисович', 20, 0, NULL, ''),
(297, '', '', 'Зубков', 'Дмитррий', 'Михайлович', 20, 0, NULL, ''),
(298, '', '', 'Завалин', 'Олег', 'Максимович', 20, 0, NULL, ''),
(299, '', '', 'Ижболдин', 'Руслан', 'Дамирович', 20, 0, NULL, ''),
(300, '', '', 'Исупов', 'Артемий', 'Викторович', 20, 0, NULL, ''),
(301, '', '', 'Леушин', 'Данил', 'Анатольевич', 20, 0, NULL, ''),
(302, '', '', 'Лисицинский', 'Александр', 'Витальевич', 20, 0, NULL, ''),
(303, '', '', 'Логинов', 'Данил', 'Владиславович', 20, 0, NULL, ''),
(304, '', '', 'Макаров', 'Георгий', 'Вячеславович', 20, 0, NULL, ''),
(305, '', '', 'Меньков', 'Макар', 'Сергеевич', 20, 0, NULL, ''),
(306, '', '', 'Меркульев', 'Вячеслав', 'Валентинович', 20, 0, NULL, ''),
(307, '', '', 'Насыбуллин', 'Булат', 'Ильдарович', 20, 0, NULL, ''),
(308, '', '', 'Павлухин', 'Константин', 'Игоревич', 20, 0, NULL, ''),
(309, '', '', 'Петросян', 'Мелик', 'Месропович', 20, 0, NULL, ''),
(310, '', '', 'Пономарев', 'Максим', 'Денисович', 20, 0, NULL, ''),
(311, '', '', 'Плетнев', 'Михаил', 'Александрович', 20, 0, NULL, ''),
(312, '', '', 'Тур', 'Иван', 'Павлович', 20, 0, NULL, ''),
(313, '', '', 'Чайников', 'Александр', 'Александрович', 20, 0, NULL, ''),
(314, '', '', 'Ардашев', 'Максим', 'Алексеевич', 20, 0, NULL, ''),
(315, '', '', 'Гумнатов', 'Джейхун', 'Шахин оглы', 20, 0, NULL, ''),
(316, '', '', 'Гусейнов', 'Мушвиг', 'Парвиз оглы', 20, 0, NULL, ''),
(317, '', '', 'Иштеряков', 'Ильзиль', 'Ильдарович', 20, 0, NULL, ''),
(318, '', '', 'Касимов', 'Альберт', 'Ильнурович', 20, 0, NULL, ''),
(319, '', '', 'Ковальчук', 'Владислав', 'Сергеевич', 20, 0, NULL, ''),
(320, '', '', 'Мурсалимов', 'Никита', 'Андреевич', 20, 0, NULL, ''),
(321, '', '', 'Попков', 'Егор', 'Александрович', 20, 0, NULL, ''),
(322, '', '', 'Степанов', 'Никита', 'Владимирович', 20, 0, NULL, ''),
(323, '', '', 'Сухробзода', 'Розикбой', '', 20, 0, NULL, ''),
(324, '', '', 'Широбоков', 'Олег', 'Васильевич', 20, 0, NULL, ''),
(325, '', '', 'Рахимов', 'Шамиль', 'Айдарович', 20, 0, NULL, ''),
(326, '', '', 'Семенов', 'Богдан', 'Алексеевич', 19, 0, NULL, ''),
(327, '', '', 'Ошибка', 'Ошибка', '', 26, 0, 19, ''),
(329, '', '', 'Семенов', 'Александр', '', 19, 0, NULL, ''),
(330, '', '', 'Абрамов', 'Богдан', 'Андреевич', 21, 0, NULL, ''),
(331, '', '', 'Алдыров', 'Арсений', 'Игоревич', 21, 0, NULL, ''),
(332, '', '', 'Андреева', 'Алина', 'Александровна', 21, 0, NULL, ''),
(333, '', '', 'Байметов', 'Павел', 'Александрович', 21, 0, NULL, ''),
(334, '', '', 'Балтачев', 'Роман', 'Маратович', 21, 0, NULL, ''),
(335, '', '', 'Беженару', 'Алина', 'Мариновна ', 21, 0, NULL, ''),
(336, '', '', 'Белов', 'Иван', 'Леонидович', 21, 0, NULL, ''),
(337, '', '', 'Вахрушева', 'Анна', 'Игоревна', 21, 0, NULL, ''),
(338, '', '', 'Ворончихин', 'Павел', 'Юрьевич', 21, 0, NULL, ''),
(339, '', '', 'Гизатуллина', 'Камиля', 'Риназовна', 21, 0, NULL, ''),
(340, '', '', 'Жерневич', 'Даниил', 'Андреевич', 21, 0, NULL, ''),
(341, '', '', 'Касимова', 'Юлия', 'Александровна', 21, 0, NULL, ''),
(342, '', '', 'Лебедева', 'Татьяна', 'Алексеевна', 21, 0, NULL, ''),
(343, '', '', 'Мышева', 'Виктория', 'Викторовна', 21, 0, NULL, ''),
(344, '', '', 'Нагимова', 'Алиса', 'Рамисовна', 21, 0, NULL, ''),
(345, '', '', 'Наумов', 'Антон', 'Алексеевич', 21, 0, NULL, ''),
(346, '', '', 'Первушин', 'Матвей', 'Дмитриевич', 23, 1, 21, ''),
(347, '', '', 'Пихтин', 'Лев', 'Александрович', 21, 0, NULL, ''),
(348, '', '', 'Рагазина', 'Елена', 'Алексеевна', 21, 0, NULL, ''),
(349, '', '', 'Семакова', 'Карина', 'Сергеевна', 21, 0, NULL, ''),
(350, '', '', 'Созыкин', 'Егор', 'Борисович', 21, 0, NULL, ''),
(351, '', '', 'Фатахова', 'Сюмбель', 'Сагитовна', 21, 0, NULL, ''),
(352, '', '', 'Чигрина', 'Ксения', 'Павловна', 21, 0, NULL, ''),
(353, '', '', 'Каракулин', 'Григорий', 'Владимирович', 23, 1, 21, ''),
(354, '', '', 'Бакулев', 'Михаил', 'Сергеевич', 22, 0, NULL, ''),
(355, '', '', 'Баскина', 'Олеся', 'Семёновна', 23, 1, 22, ''),
(356, '', '', 'Бочкарёва', 'Евгения', 'Андреевна', 22, 0, NULL, ''),
(357, '', '', 'Зезянов', 'Егор', 'Андреевич', 22, 0, NULL, ''),
(358, '', '', 'Кириенков', 'Максим', 'Александрович', 22, 0, NULL, ''),
(359, '', '', 'Краснов', 'Ярослав', 'Дмитриевич', 22, 0, NULL, ''),
(360, '', '', 'Леушина', 'Татьяна', 'Руслановна', 22, 0, NULL, ''),
(361, '', '', 'Малых', 'Степан', 'Дмитриевич', 22, 0, NULL, ''),
(362, '', '', 'Мишахина', 'Руслана', 'Руслановна', 23, 1, 22, ''),
(363, '', '', 'Сухарева', 'Ангелина', 'Вячеславовна', 22, 0, NULL, ''),
(364, '', '', 'Хвастунов', 'Ян', 'Владиславович', 21, 0, NULL, ''),
(365, '', '', 'Толстых', 'Матвей', '', 21, 0, NULL, ''),
(366, 'Gaara16', '$2y$10$aOtMtKDOlB.B/LUxeAi.7uxXQBwWZlT.YG6PfI4AdVZFE9MnSXD4q', NULL, NULL, NULL, 4, 0, NULL, 'Gaara16@gmail.com');

-- --------------------------------------------------------

--
-- Структура таблицы `visit`
--

CREATE TABLE `visit` (
  `class_id` int NOT NULL,
  `student_id` int NOT NULL,
  `status` enum('visit','late','ill') NOT NULL
) ENGINE=InnoDB DEFAULT CHARSET=utf8mb3;

--
-- Дамп данных таблицы `visit`
--

INSERT INTO `visit` (`class_id`, `student_id`, `status`) VALUES
(0, 0, 'late'),
(0, 179, 'visit'),
(0, 184, 'visit'),
(0, 186, 'ill'),
(0, 188, 'ill'),
(0, 189, 'ill'),
(0, 190, 'visit'),
(0, 192, 'visit'),
(0, 193, 'visit'),
(0, 194, 'visit'),
(0, 195, 'ill'),
(0, 202, 'ill'),
(0, 206, 'visit'),
(0, 211, 'visit'),
(0, 240, 'visit'),
(0, 248, 'visit'),
(0, 253, 'visit'),
(0, 255, 'visit'),
(0, 256, 'visit'),
(0, 276, 'visit'),
(0, 285, 'visit'),
(0, 326, 'ill'),
(0, 341, 'late'),
(0, 354, 'visit'),
(1, 2, 'visit'),
(1, 3, 'visit'),
(1, 4, 'visit'),
(1, 5, 'visit'),
(1, 6, 'visit'),
(1, 7, 'visit'),
(1, 8, 'visit'),
(1, 9, ''),
(1, 10, 'visit'),
(1, 11, 'visit'),
(1, 12, 'visit'),
(1, 13, 'visit'),
(1, 14, 'visit'),
(1, 15, 'visit'),
(1, 16, 'visit'),
(1, 17, ''),
(1, 18, 'visit'),
(1, 20, 'late'),
(1, 21, 'visit'),
(1, 22, 'late'),
(1, 23, 'visit'),
(1, 29, 'visit'),
(1, 30, 'visit'),
(1, 31, 'visit'),
(1, 32, 'visit'),
(1, 33, 'visit'),
(1, 59, 'visit'),
(1, 61, 'visit'),
(1, 62, 'visit'),
(2, 36, ''),
(2, 45, 'visit'),
(2, 48, 'late'),
(2, 49, 'visit'),
(2, 50, 'visit'),
(2, 51, 'visit'),
(2, 53, 'visit'),
(2, 60, 'visit'),
(3, 2, 'visit'),
(3, 3, 'visit'),
(3, 4, 'visit'),
(3, 5, 'visit'),
(3, 6, 'visit'),
(3, 7, 'visit'),
(3, 8, 'visit'),
(3, 10, 'visit'),
(3, 11, 'visit'),
(3, 12, 'visit'),
(3, 13, 'visit'),
(3, 14, 'visit'),
(3, 15, 'visit'),
(3, 16, 'visit'),
(3, 18, 'visit'),
(3, 20, 'late'),
(3, 21, 'visit'),
(3, 22, 'late'),
(3, 23, 'visit'),
(3, 29, 'visit'),
(3, 30, 'visit'),
(3, 31, 'visit'),
(3, 32, 'visit'),
(3, 33, 'visit'),
(3, 59, 'visit'),
(3, 61, 'visit'),
(3, 62, 'visit'),
(4, 35, ''),
(4, 45, 'visit'),
(4, 48, 'late'),
(4, 49, 'visit'),
(4, 51, 'visit'),
(4, 53, 'visit'),
(4, 60, 'visit'),
(5, 2, 'visit'),
(5, 3, 'visit'),
(5, 4, 'visit'),
(5, 5, 'visit'),
(5, 6, 'visit'),
(5, 7, 'ill'),
(5, 8, 'ill'),
(5, 10, 'visit'),
(5, 11, 'visit'),
(5, 12, 'visit'),
(5, 13, 'ill'),
(5, 14, 'ill'),
(5, 15, 'visit'),
(5, 16, 'visit'),
(5, 17, 'visit'),
(5, 18, 'visit'),
(5, 19, 'ill'),
(5, 20, 'late'),
(5, 22, 'ill'),
(5, 23, 'visit'),
(5, 29, 'visit'),
(5, 30, 'visit'),
(5, 31, 'visit'),
(5, 32, 'late'),
(5, 33, 'ill'),
(5, 59, 'visit'),
(5, 61, 'visit'),
(5, 62, 'visit'),
(6, 34, ''),
(6, 35, 'visit'),
(6, 36, 'visit'),
(6, 37, 'visit'),
(6, 38, 'visit'),
(6, 39, 'late'),
(6, 40, 'visit'),
(6, 41, 'visit'),
(6, 42, 'visit'),
(6, 43, 'visit'),
(6, 44, 'visit'),
(6, 45, 'visit'),
(6, 46, 'visit'),
(6, 48, 'visit'),
(6, 51, 'visit'),
(6, 53, 'visit'),
(6, 57, 'visit'),
(6, 59, 'visit'),
(6, 60, 'visit'),
(6, 62, 'visit'),
(7, 2, 'visit'),
(7, 3, 'late'),
(7, 4, 'late'),
(7, 6, 'visit'),
(7, 7, 'visit'),
(7, 8, 'late'),
(7, 10, 'visit'),
(7, 11, 'visit'),
(7, 12, 'visit'),
(7, 13, 'visit'),
(7, 14, 'visit'),
(7, 15, 'visit'),
(7, 16, 'visit'),
(7, 17, 'late'),
(7, 18, 'visit'),
(7, 19, 'late'),
(7, 20, 'late'),
(7, 22, 'visit'),
(7, 29, 'visit'),
(7, 30, 'visit'),
(7, 31, 'visit'),
(7, 32, 'late'),
(7, 33, 'visit'),
(8, 43, 'late'),
(8, 49, 'visit'),
(8, 55, 'visit'),
(8, 58, 'late'),
(9, 2, 'visit'),
(9, 3, 'visit'),
(9, 4, 'visit'),
(9, 5, 'late'),
(9, 6, 'visit'),
(9, 7, 'visit'),
(9, 8, 'visit'),
(9, 10, 'visit'),
(9, 11, 'visit'),
(9, 12, 'ill'),
(9, 13, 'visit'),
(9, 14, 'visit'),
(9, 15, 'visit'),
(9, 16, 'visit'),
(9, 17, 'visit'),
(9, 18, 'late'),
(9, 20, 'late'),
(9, 21, 'visit'),
(9, 23, 'visit'),
(9, 29, 'visit'),
(9, 30, 'visit'),
(9, 31, 'visit'),
(9, 32, 'visit'),
(9, 33, 'late'),
(9, 59, 'visit'),
(9, 61, 'visit'),
(9, 62, 'visit'),
(10, 35, 'ill'),
(10, 36, 'visit'),
(10, 38, 'visit'),
(10, 39, 'late'),
(10, 40, 'visit'),
(10, 41, 'visit'),
(10, 43, 'visit'),
(10, 44, 'visit'),
(10, 45, 'visit'),
(10, 48, 'visit'),
(10, 49, 'visit'),
(10, 53, 'visit'),
(10, 55, 'visit'),
(10, 56, 'visit'),
(10, 57, 'visit'),
(10, 59, 'visit'),
(10, 60, 'visit'),
(10, 61, 'visit'),
(10, 62, 'late'),
(11, 2, 'visit'),
(11, 3, 'visit'),
(11, 4, 'visit'),
(11, 5, 'late'),
(11, 6, 'visit'),
(11, 7, 'late'),
(11, 8, 'visit'),
(11, 10, 'visit'),
(11, 13, 'visit'),
(11, 14, 'visit'),
(11, 15, 'visit'),
(11, 16, 'visit'),
(11, 17, 'late'),
(11, 18, 'visit'),
(11, 20, 'late'),
(11, 21, 'visit'),
(11, 22, 'late'),
(11, 23, 'visit'),
(11, 29, 'visit'),
(11, 30, 'visit'),
(11, 31, 'visit'),
(11, 32, 'visit'),
(11, 33, 'visit'),
(11, 59, 'visit'),
(11, 61, 'visit'),
(11, 62, 'visit'),
(11, 66, 'visit'),
(12, 34, 'visit'),
(12, 35, 'late'),
(12, 36, 'visit'),
(12, 37, 'visit'),
(12, 38, 'visit'),
(12, 39, 'visit'),
(12, 41, 'visit'),
(12, 42, 'visit'),
(12, 43, 'visit'),
(12, 45, 'visit'),
(12, 46, 'visit'),
(12, 48, 'late'),
(12, 49, 'visit'),
(12, 51, 'visit'),
(12, 53, 'visit'),
(12, 55, 'visit'),
(12, 56, 'visit'),
(12, 57, 'visit'),
(12, 59, 'visit'),
(12, 60, 'visit'),
(12, 61, 'visit'),
(12, 62, 'visit'),
(13, 2, 'visit'),
(13, 3, 'visit'),
(13, 4, 'visit'),
(13, 6, 'visit'),
(13, 7, 'late'),
(13, 8, 'visit'),
(13, 10, 'visit'),
(13, 11, 'visit'),
(13, 12, 'visit'),
(13, 13, 'visit'),
(13, 14, 'visit'),
(13, 15, 'visit'),
(13, 16, 'late'),
(13, 17, 'late'),
(13, 18, 'visit'),
(13, 20, 'late'),
(13, 21, 'visit'),
(13, 22, 'late'),
(13, 29, 'visit'),
(13, 30, 'visit'),
(13, 31, 'visit'),
(13, 32, 'late'),
(13, 59, 'visit'),
(13, 62, 'visit'),
(13, 66, 'visit'),
(13, 67, 'visit'),
(14, 36, 'visit'),
(14, 37, 'late'),
(14, 38, 'visit'),
(14, 40, 'visit'),
(14, 41, 'visit'),
(14, 42, 'late'),
(14, 43, 'visit'),
(14, 44, 'visit'),
(14, 45, 'visit'),
(14, 48, 'late'),
(14, 49, 'visit'),
(14, 50, 'visit'),
(14, 51, 'visit'),
(14, 53, 'late'),
(14, 55, 'visit'),
(14, 56, 'ill'),
(14, 57, 'late'),
(14, 58, 'visit'),
(14, 59, 'visit'),
(14, 60, 'visit'),
(14, 62, 'visit'),
(15, 2, 'visit'),
(15, 3, 'visit'),
(15, 6, 'visit'),
(15, 7, 'visit'),
(15, 8, 'visit'),
(15, 11, 'visit'),
(15, 12, 'visit'),
(15, 13, 'visit'),
(15, 14, 'visit'),
(15, 15, 'visit'),
(15, 16, 'ill'),
(15, 17, 'late'),
(15, 18, 'visit'),
(15, 19, 'visit'),
(15, 20, 'late'),
(15, 21, 'visit'),
(15, 22, 'late'),
(15, 23, 'visit'),
(15, 29, 'visit'),
(15, 30, 'visit'),
(15, 31, 'late'),
(15, 32, 'late'),
(15, 33, 'visit'),
(15, 59, 'visit'),
(15, 61, 'visit'),
(15, 62, 'visit'),
(15, 66, 'visit'),
(15, 67, 'visit'),
(16, 38, 'visit'),
(16, 39, 'visit'),
(16, 40, 'visit'),
(16, 41, 'ill'),
(16, 42, 'visit'),
(16, 43, 'visit'),
(16, 44, 'visit'),
(16, 45, 'visit'),
(16, 48, 'late'),
(16, 49, 'visit'),
(16, 50, 'visit'),
(16, 51, 'visit'),
(16, 53, 'late'),
(16, 55, 'visit'),
(16, 56, 'late'),
(16, 57, 'visit'),
(16, 59, 'visit'),
(16, 60, 'visit'),
(16, 61, 'visit'),
(16, 62, 'visit'),
(17, 2, 'visit'),
(17, 3, 'late'),
(17, 5, 'late'),
(17, 6, 'late'),
(17, 7, 'late'),
(17, 8, 'visit'),
(17, 10, 'visit'),
(17, 11, 'late'),
(17, 12, 'visit'),
(17, 13, 'visit'),
(17, 14, 'visit'),
(17, 15, 'late'),
(17, 16, 'ill'),
(17, 17, 'late'),
(17, 18, 'visit'),
(17, 19, ''),
(17, 20, 'late'),
(17, 21, 'visit'),
(17, 23, 'late'),
(17, 29, 'visit'),
(17, 30, 'late'),
(17, 31, 'ill'),
(17, 32, 'visit'),
(17, 59, 'visit'),
(17, 61, 'visit'),
(17, 62, 'visit'),
(17, 66, 'visit'),
(17, 67, 'ill'),
(18, 37, 'visit'),
(18, 38, 'visit'),
(18, 39, 'late'),
(18, 40, 'visit'),
(18, 41, 'visit'),
(18, 42, 'visit'),
(18, 43, 'visit'),
(18, 44, 'visit'),
(18, 45, 'visit'),
(18, 46, 'visit'),
(18, 48, 'late'),
(18, 49, 'visit'),
(18, 50, 'visit'),
(18, 51, 'visit'),
(18, 53, 'late'),
(18, 55, 'visit'),
(18, 57, 'late'),
(18, 60, 'visit'),
(19, 2, 'visit'),
(19, 3, 'visit'),
(19, 4, 'visit'),
(19, 5, 'visit'),
(19, 6, 'visit'),
(19, 7, 'visit'),
(19, 8, 'visit'),
(19, 10, 'visit'),
(19, 11, 'visit'),
(19, 12, 'visit'),
(19, 13, 'visit'),
(19, 14, ''),
(19, 16, 'visit'),
(19, 17, 'visit'),
(19, 18, 'visit'),
(19, 19, 'visit'),
(19, 20, 'late'),
(19, 21, 'visit'),
(19, 22, 'visit'),
(19, 23, 'visit'),
(19, 29, 'visit'),
(19, 31, 'visit'),
(19, 32, 'visit'),
(19, 33, 'visit'),
(19, 59, 'visit'),
(19, 61, 'visit'),
(19, 62, 'visit'),
(19, 66, 'visit'),
(19, 67, 'visit'),
(20, 38, 'visit'),
(20, 40, 'visit'),
(20, 41, 'visit'),
(20, 42, 'visit'),
(20, 44, 'visit'),
(20, 45, 'visit'),
(20, 49, 'visit'),
(20, 50, 'visit'),
(20, 51, 'visit'),
(20, 53, 'visit'),
(20, 55, 'visit'),
(20, 57, 'visit'),
(20, 60, 'visit'),
(21, 3, 'visit'),
(21, 4, 'visit'),
(21, 8, 'visit'),
(21, 10, 'visit'),
(21, 13, 'visit'),
(21, 14, 'visit'),
(21, 17, ''),
(21, 18, 'visit'),
(21, 19, ''),
(21, 20, 'late'),
(21, 21, 'visit'),
(21, 31, 'visit'),
(21, 32, 'visit'),
(21, 33, 'visit'),
(21, 59, 'visit'),
(21, 61, 'visit'),
(21, 62, 'visit'),
(21, 67, 'visit'),
(21, 68, 'visit'),
(22, 38, 'visit'),
(22, 40, ''),
(22, 41, ''),
(22, 42, ''),
(22, 43, ''),
(22, 44, ''),
(22, 46, 'visit'),
(22, 48, 'visit'),
(22, 49, ''),
(22, 50, 'visit'),
(22, 51, ''),
(22, 53, ''),
(22, 55, ''),
(22, 57, 'visit'),
(22, 60, 'visit'),
(23, 2, 'visit'),
(23, 3, 'visit'),
(23, 4, 'visit'),
(23, 5, 'visit'),
(23, 6, 'visit'),
(23, 7, 'visit'),
(23, 8, 'visit'),
(23, 9, ''),
(23, 10, 'visit'),
(23, 11, 'visit'),
(23, 12, 'visit'),
(23, 13, 'visit'),
(23, 14, 'visit'),
(23, 15, 'visit'),
(23, 16, 'visit'),
(23, 17, 'visit'),
(23, 18, 'visit'),
(23, 19, 'visit'),
(23, 20, 'late'),
(23, 21, 'visit'),
(23, 22, 'visit'),
(23, 23, 'visit'),
(23, 29, 'visit'),
(23, 30, 'visit'),
(23, 31, 'visit'),
(23, 32, 'visit'),
(23, 33, 'visit'),
(23, 59, 'visit'),
(23, 61, 'visit'),
(23, 62, 'visit'),
(23, 66, 'visit'),
(23, 67, 'visit'),
(23, 68, 'visit'),
(24, 34, 'ill'),
(24, 35, 'ill'),
(24, 36, 'visit'),
(24, 37, 'ill'),
(24, 38, 'visit'),
(24, 39, 'visit'),
(24, 40, 'visit'),
(24, 41, 'visit'),
(24, 42, 'visit'),
(24, 43, 'visit'),
(24, 44, 'visit'),
(24, 45, 'ill'),
(24, 46, 'visit'),
(24, 47, 'ill'),
(24, 48, 'visit'),
(24, 49, 'visit'),
(24, 50, 'visit'),
(24, 51, 'visit'),
(24, 52, 'ill'),
(24, 53, 'visit'),
(24, 54, 'ill'),
(24, 55, 'visit'),
(24, 56, 'visit'),
(24, 57, 'visit'),
(24, 58, 'ill'),
(24, 59, 'visit'),
(24, 60, 'visit'),
(24, 61, 'visit'),
(24, 62, 'visit'),
(24, 63, 'ill'),
(25, 2, 'visit'),
(25, 3, 'ill'),
(25, 4, 'ill'),
(25, 6, 'visit'),
(25, 7, 'ill'),
(25, 8, 'visit'),
(25, 9, ''),
(25, 10, 'visit'),
(25, 11, 'visit'),
(25, 12, 'visit'),
(25, 13, 'visit'),
(25, 14, 'visit'),
(25, 16, 'visit'),
(25, 17, 'visit'),
(25, 18, 'visit'),
(25, 20, 'late'),
(25, 21, 'visit'),
(25, 22, 'visit'),
(25, 23, 'visit'),
(25, 29, 'visit'),
(25, 30, 'visit'),
(25, 31, 'visit'),
(25, 32, 'visit'),
(25, 33, 'visit'),
(25, 59, 'visit'),
(25, 61, 'visit'),
(25, 62, 'visit'),
(25, 66, 'visit'),
(25, 67, 'visit'),
(25, 68, 'visit'),
(26, 36, 'ill'),
(26, 38, 'visit'),
(26, 39, 'ill'),
(26, 40, 'visit'),
(26, 41, 'visit'),
(26, 42, 'visit'),
(26, 43, 'visit'),
(26, 44, 'visit'),
(26, 46, 'visit'),
(26, 48, 'visit'),
(26, 49, 'visit'),
(26, 51, 'visit'),
(26, 53, 'visit'),
(26, 55, 'visit'),
(26, 57, 'visit'),
(26, 59, 'ill'),
(26, 60, 'visit'),
(26, 61, 'ill'),
(26, 62, 'ill'),
(27, 2, 'ill'),
(27, 3, 'ill'),
(27, 4, 'ill'),
(27, 6, 'visit'),
(27, 7, 'ill'),
(27, 8, 'ill'),
(27, 9, ''),
(27, 10, 'visit'),
(27, 11, 'visit'),
(27, 12, 'visit'),
(27, 13, 'visit'),
(27, 14, 'visit'),
(27, 16, 'visit'),
(27, 17, 'ill'),
(27, 18, 'visit'),
(27, 20, 'late'),
(27, 21, 'visit'),
(27, 22, 'ill'),
(27, 23, 'visit'),
(27, 29, 'visit'),
(27, 30, 'visit'),
(27, 31, 'visit'),
(27, 32, 'visit'),
(27, 33, 'visit'),
(27, 59, 'ill'),
(27, 61, 'visit'),
(27, 62, 'ill'),
(27, 66, 'ill'),
(27, 67, 'ill'),
(27, 68, 'visit'),
(28, 38, 'visit'),
(28, 39, 'ill'),
(28, 40, 'ill'),
(28, 41, 'visit'),
(28, 42, 'visit'),
(28, 43, 'visit'),
(28, 44, 'visit'),
(28, 46, 'visit'),
(28, 48, 'visit'),
(28, 49, 'visit'),
(28, 51, 'visit'),
(28, 53, 'visit'),
(28, 55, 'visit'),
(28, 57, 'ill'),
(28, 59, 'late'),
(28, 60, 'visit'),
(28, 61, 'late'),
(28, 62, 'late'),
(29, 2, 'ill'),
(29, 3, 'ill'),
(29, 6, 'ill'),
(29, 7, 'ill'),
(29, 8, 'ill'),
(29, 9, ''),
(29, 10, 'visit'),
(29, 11, 'ill'),
(29, 12, 'ill'),
(29, 13, 'ill'),
(29, 14, 'ill'),
(29, 16, 'ill'),
(29, 17, 'ill'),
(29, 18, 'ill'),
(29, 20, 'late'),
(29, 21, 'ill'),
(29, 22, 'ill'),
(29, 23, 'ill'),
(29, 29, 'ill'),
(29, 30, 'visit'),
(29, 31, 'ill'),
(29, 32, 'ill'),
(29, 33, 'ill'),
(29, 59, 'ill'),
(29, 61, 'ill'),
(29, 62, 'ill'),
(29, 66, 'ill'),
(29, 67, 'ill'),
(29, 68, 'ill'),
(30, 38, 'ill'),
(30, 39, 'ill'),
(30, 40, 'ill'),
(30, 41, 'ill'),
(30, 42, 'ill'),
(30, 43, 'ill'),
(30, 44, 'ill'),
(30, 46, 'ill'),
(30, 48, 'ill'),
(30, 49, 'visit'),
(30, 51, 'visit'),
(30, 53, 'ill'),
(30, 55, 'visit'),
(30, 59, 'late'),
(30, 60, 'ill'),
(30, 61, 'late'),
(30, 62, 'late'),
(31, 46, ''),
(49, 10, 'visit'),
(49, 43, 'visit'),
(49, 74, 'visit'),
(49, 76, 'visit'),
(49, 77, 'visit'),
(49, 78, 'visit'),
(49, 79, 'visit'),
(49, 80, 'visit'),
(49, 81, 'visit'),
(49, 82, 'visit'),
(49, 83, 'visit'),
(49, 84, 'visit'),
(49, 85, 'visit'),
(49, 86, 'visit'),
(49, 87, 'visit'),
(49, 88, 'visit'),
(49, 89, 'visit'),
(49, 90, 'visit'),
(49, 91, 'visit'),
(49, 92, 'visit'),
(49, 94, 'visit'),
(49, 95, 'visit'),
(49, 96, 'visit'),
(50, 10, 'visit'),
(50, 43, 'visit'),
(50, 74, 'visit'),
(50, 75, 'visit'),
(50, 76, 'visit'),
(50, 77, 'visit'),
(50, 78, 'visit'),
(50, 79, 'visit'),
(50, 80, 'visit'),
(50, 81, 'visit'),
(50, 82, 'ill'),
(50, 83, 'visit'),
(50, 84, 'visit'),
(50, 85, 'visit'),
(50, 86, 'visit'),
(50, 87, 'visit'),
(50, 88, 'visit'),
(50, 89, 'ill'),
(50, 90, 'visit'),
(50, 91, 'ill'),
(50, 92, 'visit'),
(50, 94, 'visit'),
(50, 96, 'visit'),
(51, 10, 'visit'),
(51, 43, 'visit'),
(51, 74, 'visit'),
(51, 75, 'visit'),
(51, 76, 'visit'),
(51, 77, 'visit'),
(51, 78, 'visit'),
(51, 79, 'visit'),
(51, 80, 'visit'),
(51, 82, 'ill'),
(51, 83, 'visit'),
(51, 84, 'visit'),
(51, 85, 'visit'),
(51, 86, 'visit'),
(51, 87, 'visit'),
(51, 88, 'visit'),
(51, 89, 'visit'),
(51, 90, 'visit'),
(51, 91, 'ill'),
(51, 92, 'visit'),
(51, 94, 'visit'),
(51, 95, 'visit'),
(52, 10, 'visit'),
(52, 43, 'visit'),
(52, 74, 'visit'),
(52, 75, 'visit'),
(52, 76, 'visit'),
(52, 77, 'visit'),
(52, 78, 'visit'),
(52, 79, 'visit'),
(52, 80, 'visit'),
(52, 81, 'visit'),
(52, 82, 'visit'),
(52, 83, 'visit'),
(52, 84, 'visit'),
(52, 85, 'visit'),
(52, 86, 'visit'),
(52, 87, 'visit'),
(52, 88, 'visit'),
(52, 89, 'visit'),
(52, 90, 'visit'),
(52, 91, 'ill'),
(52, 92, 'visit'),
(52, 94, 'visit'),
(52, 96, 'visit'),
(53, 10, 'visit'),
(53, 74, 'visit'),
(53, 75, 'visit'),
(53, 76, 'visit'),
(53, 78, 'ill'),
(53, 79, 'visit'),
(53, 80, 'visit'),
(53, 81, 'late'),
(53, 82, 'visit'),
(53, 83, 'visit'),
(53, 84, 'visit'),
(53, 86, 'visit'),
(53, 87, 'visit'),
(53, 88, 'visit'),
(53, 89, 'visit'),
(53, 90, 'visit'),
(53, 91, 'visit'),
(53, 92, 'visit'),
(53, 95, 'visit'),
(53, 96, 'visit'),
(54, 10, 'visit'),
(54, 43, 'visit'),
(54, 74, 'visit'),
(54, 75, 'visit'),
(54, 77, 'visit'),
(54, 78, 'late'),
(54, 79, 'late'),
(54, 80, 'visit'),
(54, 81, 'late'),
(54, 82, 'visit'),
(54, 83, 'visit'),
(54, 84, 'visit'),
(54, 85, 'visit'),
(54, 86, 'visit'),
(54, 87, 'visit'),
(54, 89, 'late'),
(54, 90, 'visit'),
(54, 91, 'late'),
(54, 92, 'late'),
(54, 94, 'visit'),
(54, 95, 'late'),
(54, 96, 'late'),
(55, 10, 'visit'),
(55, 43, 'visit'),
(55, 74, 'visit'),
(55, 76, 'visit'),
(55, 77, 'visit'),
(55, 78, 'visit'),
(55, 79, 'visit'),
(55, 80, 'visit'),
(55, 81, 'late'),
(55, 82, 'late'),
(55, 83, 'visit'),
(55, 84, 'visit'),
(55, 85, 'visit'),
(55, 86, 'visit'),
(55, 87, 'visit'),
(55, 88, 'visit'),
(55, 89, ''),
(55, 90, 'visit'),
(55, 92, 'visit'),
(55, 94, 'visit'),
(55, 96, 'visit'),
(56, 43, 'visit'),
(56, 74, 'visit'),
(56, 75, 'ill'),
(56, 77, 'visit'),
(56, 78, 'visit'),
(56, 79, 'visit'),
(56, 80, 'visit'),
(56, 81, 'visit'),
(56, 82, 'visit'),
(56, 83, 'visit'),
(56, 84, 'visit'),
(56, 86, 'visit'),
(56, 87, 'visit'),
(56, 89, 'visit'),
(56, 91, 'visit'),
(56, 92, 'ill'),
(56, 95, 'visit'),
(56, 96, 'visit'),
(57, 43, 'visit'),
(57, 74, 'visit'),
(57, 75, 'visit'),
(57, 77, 'visit'),
(57, 78, 'visit'),
(57, 80, 'visit'),
(57, 81, 'visit'),
(57, 82, 'visit'),
(57, 83, 'visit'),
(57, 84, 'visit'),
(57, 85, 'late'),
(57, 86, 'visit'),
(57, 87, 'visit'),
(57, 88, 'visit'),
(57, 89, 'ill'),
(57, 90, 'visit'),
(57, 92, 'visit'),
(57, 94, 'late'),
(57, 96, 'visit'),
(59, 10, 'late'),
(59, 43, 'visit'),
(59, 74, 'visit'),
(59, 76, 'late'),
(59, 77, 'visit'),
(59, 78, 'late'),
(59, 79, 'visit'),
(59, 80, 'visit'),
(59, 81, 'visit'),
(59, 82, 'visit'),
(59, 83, 'visit'),
(59, 84, 'visit'),
(59, 85, 'visit'),
(59, 88, 'visit'),
(59, 89, 'late'),
(59, 90, 'visit'),
(59, 91, 'visit'),
(59, 92, 'visit'),
(59, 94, 'visit'),
(59, 95, 'visit'),
(59, 96, 'visit'),
(60, 10, 'visit'),
(60, 43, 'visit'),
(60, 74, 'visit'),
(60, 76, 'visit'),
(60, 77, 'visit'),
(60, 78, 'visit'),
(60, 79, 'visit'),
(60, 80, 'visit'),
(60, 81, 'visit'),
(60, 82, 'visit'),
(60, 83, 'visit'),
(60, 84, 'visit'),
(60, 85, 'visit'),
(60, 86, 'visit'),
(60, 87, 'visit'),
(60, 88, 'visit'),
(60, 89, 'visit'),
(60, 90, 'visit'),
(60, 91, 'visit'),
(60, 92, 'visit'),
(60, 94, 'visit'),
(60, 95, 'late'),
(60, 96, 'visit'),
(61, 10, 'visit'),
(61, 43, 'late'),
(61, 74, 'visit'),
(61, 76, 'visit'),
(61, 77, 'visit'),
(61, 78, 'late'),
(61, 79, 'late'),
(61, 80, 'visit'),
(61, 81, 'late'),
(61, 82, 'visit'),
(61, 83, 'visit'),
(61, 84, 'visit'),
(61, 85, 'visit'),
(61, 86, 'late'),
(61, 87, 'late'),
(61, 88, 'visit'),
(61, 90, 'late'),
(61, 91, 'late'),
(61, 92, 'late'),
(61, 94, 'visit'),
(61, 95, 'late'),
(61, 96, 'late'),
(62, 10, 'visit'),
(62, 74, 'visit'),
(62, 76, 'visit'),
(62, 77, 'visit'),
(62, 78, 'visit'),
(62, 80, 'visit'),
(62, 81, 'late'),
(62, 82, 'visit'),
(62, 83, 'visit'),
(62, 84, 'visit'),
(62, 85, 'visit'),
(62, 88, 'late'),
(62, 90, 'visit'),
(62, 91, 'late'),
(62, 92, ''),
(62, 94, 'visit'),
(62, 96, 'late'),
(63, 10, 'late'),
(63, 43, 'visit'),
(63, 74, 'late'),
(63, 76, 'late'),
(63, 77, 'late'),
(63, 78, 'visit'),
(63, 80, 'visit'),
(63, 82, ''),
(63, 83, 'visit'),
(63, 84, 'late'),
(63, 92, 'visit'),
(65, 2, 'visit'),
(65, 3, 'visit'),
(65, 4, 'visit'),
(65, 5, ''),
(65, 6, 'visit'),
(65, 8, 'visit'),
(65, 11, 'visit'),
(65, 12, 'visit'),
(65, 13, 'visit'),
(65, 14, 'visit'),
(65, 15, ''),
(65, 16, 'visit'),
(65, 17, 'visit'),
(65, 18, 'visit'),
(65, 21, 'visit'),
(65, 23, 'visit'),
(65, 30, 'visit'),
(65, 32, 'visit'),
(65, 33, 'visit'),
(65, 59, 'visit'),
(65, 61, 'visit'),
(65, 62, 'visit'),
(65, 66, 'visit'),
(65, 67, 'visit'),
(65, 68, 'visit'),
(66, 2, 'visit'),
(66, 3, 'visit'),
(66, 6, 'visit'),
(66, 11, 'visit'),
(66, 12, 'visit'),
(66, 14, 'visit'),
(66, 16, 'visit'),
(66, 17, 'visit'),
(66, 23, 'visit'),
(66, 30, 'visit'),
(66, 33, 'late'),
(66, 59, 'visit'),
(66, 61, 'visit'),
(66, 62, 'visit'),
(66, 66, 'visit'),
(66, 68, 'late'),
(67, 2, 'visit'),
(67, 3, 'visit'),
(67, 4, 'visit'),
(67, 8, 'visit'),
(67, 11, 'visit'),
(67, 12, 'visit'),
(67, 14, 'visit'),
(67, 16, 'visit'),
(67, 17, 'ill'),
(67, 21, 'visit'),
(67, 23, 'visit'),
(67, 32, 'late'),
(67, 33, 'visit'),
(67, 61, 'visit'),
(67, 67, 'visit'),
(68, 2, 'visit'),
(68, 3, 'visit'),
(68, 8, 'visit'),
(68, 11, 'visit'),
(68, 12, 'visit'),
(68, 14, 'visit'),
(68, 16, 'late'),
(68, 17, 'late'),
(68, 21, 'visit'),
(68, 32, 'visit'),
(68, 33, 'late'),
(68, 59, 'visit'),
(68, 61, 'visit'),
(68, 67, 'visit'),
(69, 2, 'visit'),
(69, 3, 'visit'),
(69, 6, 'late'),
(69, 8, 'visit'),
(69, 11, 'visit'),
(69, 12, 'visit'),
(69, 14, 'visit'),
(69, 16, 'late'),
(69, 17, 'visit'),
(69, 21, 'visit'),
(69, 30, 'ill'),
(69, 32, 'visit'),
(69, 33, 'visit'),
(69, 59, 'visit'),
(69, 61, 'visit'),
(69, 66, 'ill'),
(69, 68, 'visit'),
(70, 2, 'visit'),
(70, 3, 'visit'),
(70, 6, 'visit'),
(70, 8, 'visit'),
(70, 11, 'visit'),
(70, 12, 'visit'),
(70, 14, 'visit'),
(70, 23, 'visit'),
(70, 33, 'ill'),
(70, 61, 'visit'),
(70, 67, 'visit'),
(70, 68, 'late'),
(72, 2, 'visit'),
(72, 4, 'visit'),
(72, 6, 'visit'),
(72, 11, 'visit'),
(72, 12, 'visit'),
(72, 14, 'visit'),
(72, 15, ''),
(72, 16, 'late'),
(72, 17, 'late'),
(72, 21, 'visit'),
(72, 30, 'visit'),
(72, 32, 'visit'),
(72, 61, 'late'),
(72, 66, 'late'),
(72, 67, 'visit'),
(72, 68, 'visit'),
(73, 2, 'late'),
(73, 3, 'late'),
(73, 4, 'late'),
(73, 5, ''),
(73, 6, 'visit'),
(73, 8, 'late'),
(73, 11, 'late'),
(73, 12, 'visit'),
(73, 13, ''),
(73, 14, 'visit'),
(73, 16, 'late'),
(73, 17, 'visit'),
(73, 18, ''),
(73, 21, 'visit'),
(73, 23, 'late'),
(73, 30, 'visit'),
(73, 32, 'visit'),
(73, 33, ''),
(73, 59, ''),
(73, 61, 'visit'),
(73, 62, ''),
(73, 66, 'visit'),
(73, 67, 'visit'),
(73, 68, ''),
(74, 4, 'late'),
(74, 6, 'visit'),
(74, 12, ''),
(74, 14, 'visit'),
(74, 21, 'late'),
(74, 30, 'visit'),
(74, 32, 'visit'),
(74, 61, 'visit'),
(74, 67, 'late'),
(75, 6, 'late'),
(75, 30, 'late'),
(75, 32, 'visit'),
(75, 61, 'late'),
(76, 32, 'visit'),
(77, 97, 'visit'),
(77, 98, ''),
(77, 99, 'visit'),
(77, 100, 'visit'),
(77, 101, 'visit'),
(77, 102, 'visit'),
(77, 103, 'visit'),
(77, 104, 'visit'),
(77, 105, 'visit'),
(77, 106, 'visit'),
(77, 107, 'visit'),
(77, 109, 'visit'),
(77, 112, 'visit'),
(77, 114, 'visit'),
(77, 115, 'visit'),
(77, 116, 'visit'),
(77, 118, 'visit'),
(77, 126, 'visit'),
(77, 133, 'visit'),
(78, 120, 'visit'),
(78, 123, 'visit'),
(78, 124, 'visit'),
(78, 125, 'visit'),
(78, 128, 'visit'),
(78, 129, 'late'),
(78, 130, 'late'),
(78, 131, 'visit'),
(78, 132, 'visit'),
(78, 135, 'visit'),
(79, 18, 'visit'),
(79, 136, 'visit'),
(79, 137, 'visit'),
(79, 138, 'visit'),
(79, 139, 'visit'),
(79, 140, 'visit'),
(79, 141, 'ill'),
(79, 142, 'visit'),
(79, 143, 'late'),
(79, 144, 'visit'),
(79, 145, 'visit'),
(79, 146, 'visit'),
(79, 148, 'visit'),
(80, 97, 'visit'),
(80, 99, 'visit'),
(80, 100, 'visit'),
(80, 101, 'visit'),
(80, 102, 'late'),
(80, 103, 'visit'),
(80, 104, 'visit'),
(80, 105, 'visit'),
(80, 106, 'visit'),
(80, 107, 'visit'),
(80, 108, 'visit'),
(80, 110, 'visit'),
(80, 111, 'visit'),
(80, 112, 'late'),
(80, 113, 'visit'),
(80, 114, 'visit'),
(80, 115, 'visit'),
(80, 116, 'visit'),
(80, 117, 'visit'),
(80, 118, 'visit'),
(80, 133, 'visit'),
(81, 120, 'visit'),
(81, 124, 'visit'),
(81, 125, 'visit'),
(81, 128, 'visit'),
(81, 130, 'late'),
(81, 131, 'visit'),
(81, 135, 'visit'),
(82, 136, 'visit'),
(82, 138, 'visit'),
(82, 139, 'visit'),
(82, 140, 'visit'),
(82, 141, 'late'),
(82, 142, 'visit'),
(82, 143, 'ill'),
(82, 146, 'visit'),
(82, 148, 'late'),
(83, 150, 'visit'),
(83, 151, 'visit'),
(83, 152, 'visit'),
(83, 153, 'visit'),
(83, 154, 'visit'),
(83, 155, 'visit'),
(84, 153, 'visit'),
(84, 155, 'visit'),
(85, 156, 'visit'),
(85, 157, 'visit'),
(85, 159, 'visit'),
(85, 160, 'visit'),
(85, 162, 'visit'),
(85, 164, 'visit'),
(85, 166, 'visit'),
(85, 167, 'visit'),
(85, 168, 'visit'),
(86, 156, 'visit'),
(86, 157, 'visit'),
(86, 159, 'visit'),
(86, 160, 'visit'),
(86, 161, 'visit'),
(86, 162, 'visit'),
(86, 163, 'visit'),
(86, 164, 'visit'),
(86, 166, 'ill'),
(86, 168, 'visit'),
(87, 97, 'visit'),
(87, 98, 'visit'),
(87, 99, 'visit'),
(87, 100, 'visit'),
(87, 101, 'ill'),
(87, 102, 'visit'),
(87, 103, 'visit'),
(87, 104, 'visit'),
(87, 105, 'visit'),
(87, 106, 'visit'),
(87, 107, 'visit'),
(87, 108, 'visit'),
(87, 109, 'visit'),
(87, 110, 'visit'),
(87, 111, 'visit'),
(87, 112, 'visit'),
(87, 113, 'visit'),
(87, 114, 'visit'),
(87, 115, 'visit'),
(87, 116, 'visit'),
(87, 117, 'visit'),
(87, 118, 'visit'),
(87, 133, 'visit'),
(88, 119, 'visit'),
(88, 120, 'visit'),
(88, 121, ''),
(88, 124, 'visit'),
(88, 128, 'visit'),
(88, 131, 'visit'),
(88, 132, 'late'),
(88, 135, 'visit'),
(89, 18, 'visit'),
(89, 136, ''),
(89, 138, 'late'),
(89, 139, 'visit'),
(89, 140, 'ill'),
(89, 141, 'visit'),
(89, 142, 'visit'),
(89, 144, 'visit'),
(89, 145, 'visit'),
(89, 148, 'visit'),
(90, 155, 'visit'),
(91, 156, 'visit'),
(91, 157, 'visit'),
(91, 159, 'visit'),
(91, 162, ''),
(91, 163, 'late'),
(91, 164, 'visit'),
(91, 168, 'visit'),
(91, 169, 'late'),
(92, 97, 'visit'),
(92, 98, 'visit'),
(92, 99, 'visit'),
(92, 100, 'visit'),
(92, 101, 'visit'),
(92, 102, 'visit'),
(92, 103, 'visit'),
(92, 104, 'visit'),
(92, 105, 'ill'),
(92, 106, 'visit'),
(92, 107, 'visit'),
(92, 108, 'visit'),
(92, 109, 'visit'),
(92, 110, 'visit'),
(92, 112, 'visit'),
(92, 113, 'visit'),
(92, 114, 'visit'),
(92, 115, 'visit'),
(92, 116, 'visit'),
(92, 117, 'visit'),
(92, 118, 'visit'),
(92, 126, 'visit'),
(92, 133, 'visit'),
(93, 119, 'visit'),
(93, 120, 'visit'),
(93, 121, 'late'),
(93, 123, 'visit'),
(93, 124, 'late'),
(93, 125, 'visit'),
(93, 127, 'visit'),
(93, 128, 'visit'),
(93, 129, 'visit'),
(93, 130, 'visit'),
(93, 131, 'visit'),
(93, 135, 'visit'),
(94, 18, 'late'),
(94, 137, 'visit'),
(94, 138, 'visit'),
(94, 140, 'visit'),
(94, 141, 'visit'),
(94, 142, 'visit'),
(94, 143, 'visit'),
(94, 144, 'visit'),
(94, 145, 'visit'),
(94, 146, 'visit'),
(94, 148, 'visit'),
(95, 150, 'visit'),
(95, 151, 'visit'),
(95, 153, 'visit'),
(95, 155, 'visit'),
(96, 156, 'visit'),
(96, 157, 'late'),
(96, 159, 'ill'),
(96, 160, 'visit'),
(96, 161, 'visit'),
(96, 162, 'visit'),
(96, 163, 'late'),
(96, 164, 'visit'),
(96, 168, 'visit'),
(97, 98, 'visit'),
(97, 99, 'visit'),
(97, 100, 'visit'),
(97, 101, 'visit'),
(97, 103, 'visit'),
(97, 104, 'visit'),
(97, 105, 'late'),
(97, 106, 'visit'),
(97, 107, 'visit'),
(97, 108, 'visit'),
(97, 112, 'late'),
(97, 114, 'visit'),
(97, 115, 'visit'),
(97, 116, 'visit'),
(97, 117, 'visit'),
(97, 118, 'visit'),
(97, 126, 'late'),
(97, 133, 'visit'),
(98, 119, 'ill'),
(98, 120, 'late'),
(98, 122, 'late'),
(98, 123, 'late'),
(98, 125, 'visit'),
(98, 128, 'late'),
(98, 131, 'ill'),
(98, 135, 'visit'),
(99, 142, 'late'),
(99, 146, 'ill'),
(99, 148, 'late'),
(100, 150, 'ill'),
(100, 155, 'visit'),
(101, 156, 'late'),
(101, 157, 'visit'),
(101, 159, 'ill'),
(101, 160, 'late'),
(101, 162, 'ill'),
(101, 163, ''),
(101, 164, 'ill'),
(101, 168, 'visit'),
(101, 169, ''),
(102, 97, 'visit'),
(102, 98, 'ill'),
(102, 99, 'visit'),
(102, 100, 'visit'),
(102, 101, 'visit'),
(102, 102, 'visit'),
(102, 103, 'visit'),
(102, 104, 'visit'),
(102, 105, 'visit'),
(102, 106, 'visit'),
(102, 107, 'visit'),
(102, 108, 'visit'),
(102, 109, 'visit'),
(102, 110, 'visit'),
(102, 112, 'ill'),
(102, 113, ''),
(102, 114, 'ill'),
(102, 115, 'visit'),
(102, 116, 'visit'),
(102, 117, 'visit'),
(102, 118, 'visit'),
(102, 126, 'late'),
(102, 133, 'visit'),
(103, 119, 'visit'),
(103, 120, 'visit'),
(103, 123, 'late'),
(103, 125, 'visit'),
(103, 127, 'late'),
(103, 128, 'visit'),
(103, 130, 'late'),
(104, 136, 'visit'),
(104, 138, 'late'),
(104, 139, 'visit'),
(104, 141, 'late'),
(104, 142, 'visit'),
(104, 144, 'visit'),
(104, 148, 'visit'),
(105, 150, 'visit'),
(105, 153, 'ill'),
(105, 155, 'visit'),
(106, 156, 'visit'),
(106, 157, 'visit'),
(106, 159, 'visit'),
(106, 162, 'visit'),
(106, 168, 'visit'),
(106, 169, 'visit'),
(107, 97, 'visit'),
(107, 98, 'visit'),
(107, 99, 'visit'),
(107, 100, 'visit'),
(107, 101, 'visit'),
(107, 102, 'ill'),
(107, 103, 'visit'),
(107, 104, 'visit'),
(107, 105, 'visit'),
(107, 106, 'visit'),
(107, 107, 'visit'),
(107, 108, 'visit'),
(107, 109, 'visit'),
(107, 110, 'visit'),
(107, 112, 'visit'),
(107, 114, 'ill'),
(107, 115, 'visit'),
(107, 116, 'visit'),
(107, 117, 'visit'),
(107, 118, 'visit'),
(107, 133, 'visit'),
(108, 119, 'visit'),
(108, 123, 'visit'),
(108, 125, 'visit'),
(108, 131, 'visit'),
(108, 135, 'visit'),
(109, 137, 'late'),
(109, 138, 'visit'),
(109, 139, 'ill'),
(109, 141, 'visit'),
(109, 145, 'visit'),
(109, 148, 'visit'),
(110, 150, 'visit'),
(110, 155, 'visit'),
(111, 156, 'visit'),
(111, 157, 'visit'),
(111, 162, 'visit'),
(111, 163, 'visit'),
(111, 165, 'late'),
(111, 168, 'visit'),
(112, 97, 'visit'),
(112, 98, 'visit'),
(112, 99, 'visit'),
(112, 101, 'visit'),
(112, 102, 'visit'),
(112, 103, 'visit'),
(112, 105, 'ill'),
(112, 106, 'visit'),
(112, 107, 'visit'),
(112, 108, 'visit'),
(112, 109, 'visit'),
(112, 110, 'visit'),
(112, 112, 'visit'),
(112, 114, 'visit'),
(112, 115, 'ill'),
(112, 116, 'visit'),
(112, 117, 'visit'),
(112, 118, 'visit'),
(112, 126, 'visit'),
(112, 133, 'visit'),
(113, 119, 'visit'),
(113, 120, 'visit'),
(113, 123, 'visit'),
(113, 125, 'visit'),
(113, 128, 'visit'),
(113, 135, 'visit'),
(114, 138, 'visit'),
(114, 139, 'ill'),
(114, 140, 'ill'),
(114, 141, 'late'),
(114, 142, 'visit'),
(114, 143, 'ill'),
(114, 144, 'ill'),
(114, 146, 'visit'),
(114, 147, 'visit'),
(114, 148, 'visit'),
(115, 150, 'late'),
(115, 151, 'visit'),
(115, 153, 'visit'),
(115, 155, 'visit'),
(116, 156, 'visit'),
(116, 157, 'visit'),
(116, 165, 'late'),
(116, 168, 'visit'),
(117, 97, 'visit'),
(117, 99, 'visit'),
(117, 101, 'visit'),
(117, 102, 'late'),
(117, 103, 'visit'),
(117, 104, 'visit'),
(117, 105, 'visit'),
(117, 106, 'visit'),
(117, 107, 'visit'),
(117, 108, 'visit'),
(117, 109, 'visit'),
(117, 112, 'visit'),
(117, 114, 'visit'),
(117, 115, 'visit'),
(117, 116, 'late'),
(117, 117, 'ill'),
(117, 118, 'visit'),
(117, 133, 'visit'),
(118, 123, 'visit'),
(118, 125, 'visit'),
(118, 130, 'ill'),
(118, 135, 'visit'),
(119, 136, 'visit'),
(119, 138, 'visit'),
(119, 139, 'visit'),
(119, 140, 'ill'),
(119, 142, 'visit'),
(119, 144, 'visit'),
(119, 146, 'visit'),
(119, 147, 'visit'),
(119, 148, 'visit'),
(120, 151, 'late'),
(120, 155, 'late'),
(121, 156, 'ill'),
(121, 157, 'visit'),
(121, 160, 'visit'),
(121, 162, 'visit'),
(121, 168, 'visit'),
(122, 98, 'visit'),
(122, 99, 'late'),
(122, 101, 'visit'),
(122, 103, 'visit'),
(122, 104, 'visit'),
(122, 105, 'visit'),
(122, 106, 'visit'),
(122, 107, 'ill'),
(122, 108, 'late'),
(122, 110, 'late'),
(122, 112, 'late'),
(122, 114, 'late'),
(122, 115, 'visit'),
(122, 116, 'visit'),
(122, 117, 'visit'),
(122, 118, 'visit'),
(122, 133, 'ill'),
(123, 120, 'ill'),
(123, 122, ''),
(123, 125, 'late'),
(123, 128, 'ill'),
(123, 135, 'ill'),
(124, 142, 'visit'),
(124, 144, 'visit'),
(124, 146, 'late'),
(124, 148, 'ill'),
(125, 150, 'late'),
(125, 155, 'ill'),
(126, 156, ''),
(126, 157, 'ill'),
(126, 168, 'late'),
(127, 97, 'ill'),
(127, 98, 'visit'),
(127, 99, 'visit'),
(127, 101, 'visit'),
(127, 102, 'ill'),
(127, 103, 'visit'),
(127, 104, 'visit'),
(127, 105, 'visit'),
(127, 106, 'visit'),
(127, 107, 'visit'),
(127, 108, 'visit'),
(127, 109, 'visit'),
(127, 110, 'ill'),
(127, 112, 'visit'),
(127, 113, 'visit'),
(127, 114, 'visit'),
(127, 115, 'visit'),
(127, 116, 'visit'),
(127, 117, 'ill'),
(127, 118, 'visit'),
(127, 133, 'visit'),
(128, 119, 'visit'),
(128, 120, ''),
(128, 123, 'visit'),
(128, 125, 'visit'),
(128, 128, 'visit'),
(128, 130, 'visit'),
(128, 131, 'visit'),
(129, 138, 'visit'),
(129, 139, 'visit'),
(129, 142, 'visit'),
(129, 144, 'visit'),
(129, 147, 'late'),
(129, 148, 'visit'),
(130, 150, 'visit'),
(131, 156, 'visit'),
(131, 157, 'visit'),
(131, 160, 'visit'),
(131, 168, 'visit'),
(132, 97, 'ill'),
(132, 98, 'late'),
(132, 99, 'ill'),
(132, 101, 'visit'),
(132, 102, 'visit'),
(132, 103, 'visit'),
(132, 104, 'visit'),
(132, 105, 'visit'),
(132, 106, 'visit'),
(132, 107, 'visit'),
(132, 108, 'visit'),
(132, 109, 'visit'),
(132, 110, 'visit'),
(132, 112, 'visit'),
(132, 115, 'visit'),
(132, 116, 'visit'),
(132, 117, 'visit'),
(132, 118, 'visit'),
(132, 126, 'visit'),
(132, 133, 'visit'),
(133, 119, 'visit'),
(133, 120, 'visit'),
(133, 123, 'visit'),
(133, 125, 'visit'),
(133, 128, 'visit'),
(133, 130, 'visit'),
(133, 131, 'visit'),
(133, 135, 'visit'),
(134, 139, 'late'),
(134, 142, 'visit'),
(134, 144, 'visit'),
(134, 146, 'late'),
(134, 148, 'visit'),
(135, 151, 'visit'),
(135, 155, 'visit'),
(136, 156, 'visit'),
(136, 157, 'visit'),
(136, 162, 'late'),
(136, 163, 'late'),
(136, 168, 'visit'),
(137, 98, 'visit'),
(137, 99, 'late'),
(137, 101, 'late'),
(137, 102, 'visit'),
(137, 103, 'late'),
(137, 104, 'visit'),
(137, 105, 'late'),
(137, 106, 'late'),
(137, 107, 'late'),
(137, 108, 'ill'),
(137, 109, 'ill'),
(137, 110, 'ill'),
(137, 114, 'visit'),
(137, 115, 'visit'),
(137, 116, 'visit'),
(137, 117, 'visit'),
(137, 118, 'visit'),
(137, 126, 'late'),
(137, 133, ''),
(138, 120, 'visit'),
(138, 122, 'late'),
(138, 123, 'visit'),
(138, 125, 'late'),
(138, 128, 'visit'),
(138, 135, 'ill'),
(139, 142, 'late'),
(139, 144, 'late'),
(140, 150, 'ill'),
(140, 151, 'ill'),
(140, 155, 'ill'),
(141, 156, 'ill'),
(141, 157, 'ill'),
(141, 162, 'ill'),
(141, 168, 'ill'),
(142, 97, 'visit'),
(142, 98, 'visit'),
(142, 99, 'visit'),
(142, 101, 'visit'),
(142, 102, 'visit'),
(142, 104, 'visit'),
(142, 105, 'visit'),
(142, 106, 'visit'),
(142, 107, 'visit'),
(142, 108, 'visit'),
(142, 110, 'visit'),
(142, 112, 'visit'),
(142, 114, 'visit'),
(142, 115, 'visit'),
(142, 116, 'visit'),
(142, 117, 'visit'),
(142, 118, 'visit'),
(142, 133, 'visit'),
(143, 119, 'visit'),
(143, 120, 'visit'),
(143, 125, 'visit'),
(143, 128, 'visit'),
(143, 130, 'visit'),
(143, 135, 'visit'),
(144, 142, 'visit'),
(144, 148, 'visit'),
(145, 151, 'visit'),
(145, 153, 'visit'),
(145, 155, 'visit'),
(146, 156, 'visit'),
(146, 157, 'visit'),
(146, 159, ''),
(146, 162, 'visit'),
(146, 166, 'visit'),
(146, 168, 'visit'),
(147, 97, 'visit'),
(147, 98, 'visit'),
(147, 99, 'visit'),
(147, 101, 'visit'),
(147, 102, 'visit'),
(147, 103, 'ill'),
(147, 104, 'visit'),
(147, 105, 'visit'),
(147, 106, 'ill'),
(147, 107, 'visit'),
(147, 108, 'ill'),
(147, 109, 'visit'),
(147, 110, 'visit'),
(147, 112, 'visit'),
(147, 114, 'visit'),
(147, 115, 'visit'),
(147, 116, 'visit'),
(147, 117, 'visit'),
(147, 118, 'visit'),
(147, 126, 'visit'),
(147, 133, 'visit'),
(148, 119, 'visit'),
(148, 120, 'visit'),
(148, 123, 'visit'),
(148, 125, 'visit'),
(148, 128, 'visit'),
(148, 130, 'visit'),
(148, 131, 'visit'),
(148, 135, 'visit'),
(149, 137, 'visit'),
(149, 138, 'visit'),
(149, 139, 'visit'),
(149, 142, 'visit'),
(149, 147, 'visit'),
(149, 148, 'visit'),
(150, 155, 'visit'),
(151, 156, 'visit'),
(151, 157, 'visit'),
(151, 159, 'late'),
(151, 168, 'visit'),
(152, 99, 'visit'),
(152, 101, 'visit'),
(152, 102, 'visit'),
(152, 104, 'visit'),
(152, 105, 'visit'),
(152, 106, 'visit'),
(152, 107, 'visit'),
(152, 108, 'visit'),
(152, 110, 'visit'),
(152, 112, 'visit'),
(152, 114, 'visit'),
(152, 115, 'visit'),
(152, 116, 'ill'),
(152, 117, 'visit'),
(152, 118, 'visit'),
(152, 126, 'visit'),
(152, 133, 'visit'),
(153, 119, 'visit'),
(153, 120, 'late'),
(153, 123, 'visit'),
(153, 125, 'late'),
(153, 128, 'late'),
(153, 130, 'late'),
(153, 131, 'visit'),
(153, 135, 'visit'),
(154, 137, 'visit'),
(154, 138, 'visit'),
(154, 139, 'visit'),
(154, 140, 'visit'),
(154, 142, 'visit'),
(154, 144, 'visit'),
(154, 146, ''),
(154, 148, 'visit'),
(155, 150, 'visit'),
(155, 151, 'visit'),
(155, 155, 'visit'),
(157, 98, 'visit'),
(157, 99, 'late'),
(157, 101, 'visit'),
(157, 102, 'late'),
(157, 103, 'visit'),
(157, 104, 'visit'),
(157, 105, 'visit'),
(157, 106, 'visit'),
(157, 107, 'late'),
(157, 108, 'late'),
(157, 114, 'visit'),
(157, 115, 'visit'),
(157, 116, 'visit'),
(157, 117, 'visit'),
(157, 118, 'visit'),
(157, 126, 'late'),
(158, 122, 'ill'),
(158, 123, 'late'),
(158, 125, 'ill'),
(158, 128, 'visit'),
(158, 135, 'late'),
(159, 142, 'ill'),
(159, 144, 'ill'),
(160, 150, 'ill'),
(160, 155, 'ill'),
(161, 157, 'ill'),
(161, 168, 'ill'),
(162, 98, 'visit'),
(162, 99, 'visit'),
(162, 100, 'visit'),
(162, 101, 'visit'),
(162, 102, ''),
(162, 104, 'visit'),
(162, 105, 'visit'),
(162, 107, 'visit'),
(162, 108, 'visit'),
(162, 110, 'visit'),
(162, 115, 'visit'),
(162, 116, 'visit'),
(162, 117, 'visit'),
(162, 118, 'visit'),
(162, 126, 'visit'),
(162, 133, 'visit'),
(163, 119, 'visit'),
(163, 120, 'visit'),
(163, 122, 'visit'),
(163, 123, 'visit'),
(163, 125, 'visit'),
(163, 128, 'visit'),
(163, 129, 'visit'),
(163, 130, 'late'),
(163, 131, 'late'),
(163, 135, 'visit'),
(164, 136, 'visit'),
(164, 137, 'visit'),
(164, 138, 'visit'),
(164, 139, 'visit'),
(164, 140, 'visit'),
(164, 142, 'visit'),
(164, 144, 'ill'),
(164, 146, 'visit'),
(164, 148, 'visit'),
(165, 151, 'visit'),
(165, 155, 'visit'),
(166, 156, 'late'),
(166, 157, 'ill'),
(166, 159, 'late'),
(166, 160, 'visit'),
(166, 168, 'late'),
(167, 100, 'visit'),
(167, 101, 'visit'),
(167, 102, 'ill'),
(167, 104, 'visit'),
(167, 105, 'visit'),
(167, 106, 'visit'),
(167, 107, 'visit'),
(167, 108, 'visit'),
(167, 110, 'visit'),
(167, 112, 'late'),
(167, 115, 'visit'),
(167, 116, 'visit'),
(167, 117, 'visit'),
(167, 118, 'visit'),
(167, 133, 'visit'),
(168, 119, 'visit'),
(168, 122, 'visit'),
(168, 123, 'visit'),
(168, 125, 'visit'),
(168, 128, 'visit'),
(168, 129, 'visit'),
(168, 130, 'visit'),
(168, 131, 'visit'),
(168, 135, 'visit'),
(169, 137, 'visit'),
(169, 138, 'visit'),
(169, 139, 'visit'),
(169, 142, 'visit'),
(169, 144, 'ill'),
(169, 146, 'visit'),
(169, 148, 'visit'),
(170, 151, 'visit'),
(170, 155, 'visit'),
(171, 156, 'visit'),
(171, 157, 'visit'),
(171, 168, 'visit'),
(172, 98, 'ill'),
(172, 99, 'visit'),
(172, 102, 'late'),
(172, 104, 'visit'),
(172, 105, 'visit'),
(172, 107, 'visit'),
(172, 108, 'visit'),
(172, 110, 'visit'),
(172, 112, 'late'),
(172, 114, 'visit'),
(172, 115, 'visit'),
(172, 116, 'visit'),
(172, 117, 'ill'),
(172, 118, 'visit'),
(172, 126, 'visit'),
(172, 133, 'visit'),
(173, 119, 'visit'),
(173, 122, 'visit'),
(173, 123, 'visit'),
(173, 125, 'visit'),
(173, 128, 'visit'),
(173, 129, 'visit'),
(173, 130, 'visit'),
(173, 131, 'visit'),
(173, 132, 'visit'),
(173, 135, 'visit'),
(174, 136, 'visit'),
(174, 137, 'visit'),
(174, 138, 'visit'),
(174, 139, 'visit'),
(174, 142, 'visit'),
(174, 144, 'visit'),
(174, 148, 'visit'),
(175, 151, 'late'),
(175, 153, 'visit'),
(175, 155, 'late'),
(176, 156, 'visit'),
(176, 157, 'visit'),
(176, 168, 'visit'),
(177, 99, 'visit'),
(177, 102, 'visit'),
(177, 104, 'visit'),
(177, 105, 'visit'),
(177, 106, 'visit'),
(177, 107, 'visit'),
(177, 108, 'visit'),
(177, 110, 'visit'),
(177, 112, 'visit'),
(177, 114, 'visit'),
(177, 115, 'visit'),
(177, 116, 'visit'),
(177, 117, 'visit'),
(177, 118, 'visit'),
(177, 126, 'visit'),
(177, 133, 'visit'),
(178, 119, 'visit'),
(178, 122, 'visit'),
(178, 123, 'visit'),
(178, 125, 'visit'),
(178, 128, 'visit'),
(178, 129, 'visit'),
(178, 130, 'visit'),
(178, 131, 'visit'),
(178, 135, 'visit'),
(179, 136, 'visit'),
(179, 137, 'visit'),
(179, 138, 'visit'),
(179, 139, 'visit'),
(179, 142, 'visit'),
(179, 144, 'visit'),
(179, 147, 'visit'),
(179, 148, 'visit'),
(180, 150, 'visit'),
(180, 151, 'visit'),
(180, 153, 'visit'),
(180, 155, 'visit'),
(181, 156, 'visit'),
(181, 157, 'visit'),
(181, 159, 'visit'),
(181, 162, 'visit'),
(181, 168, 'visit'),
(182, 98, 'ill'),
(182, 99, 'ill'),
(182, 100, 'ill'),
(182, 101, 'ill'),
(182, 102, 'ill'),
(182, 104, 'ill'),
(182, 105, 'ill'),
(182, 106, 'ill'),
(182, 107, 'ill'),
(182, 108, 'ill'),
(182, 109, 'ill'),
(182, 110, 'ill'),
(182, 112, 'ill'),
(182, 114, 'ill'),
(182, 115, 'ill'),
(182, 116, 'ill'),
(182, 117, 'ill'),
(182, 118, 'ill'),
(182, 126, 'ill'),
(182, 133, 'ill'),
(183, 120, 'ill'),
(183, 122, 'ill'),
(183, 123, 'ill'),
(183, 125, 'ill'),
(183, 127, 'ill'),
(183, 128, 'ill'),
(183, 129, 'ill'),
(183, 130, 'ill'),
(183, 131, 'ill'),
(183, 132, 'ill'),
(183, 135, 'ill'),
(184, 136, 'ill'),
(184, 137, 'ill'),
(184, 138, 'ill'),
(184, 139, 'ill'),
(184, 141, 'ill'),
(184, 142, 'ill'),
(184, 144, 'ill'),
(184, 146, 'ill'),
(184, 147, 'ill'),
(184, 148, 'ill'),
(185, 150, 'ill'),
(185, 151, 'ill'),
(185, 153, 'ill'),
(185, 155, 'ill'),
(186, 156, 'ill'),
(186, 157, 'ill'),
(186, 160, 'ill'),
(186, 162, 'ill'),
(186, 163, 'ill'),
(186, 168, 'ill'),
(187, 173, 'visit'),
(187, 178, 'visit'),
(187, 179, 'visit'),
(187, 180, 'visit'),
(187, 181, 'visit'),
(187, 182, 'visit'),
(187, 183, 'visit'),
(187, 184, 'visit'),
(187, 185, 'visit'),
(187, 186, 'visit'),
(187, 187, 'visit'),
(187, 188, 'visit'),
(187, 189, 'visit'),
(187, 190, 'visit'),
(187, 191, 'visit'),
(187, 192, 'visit'),
(187, 193, 'visit'),
(187, 194, 'visit'),
(187, 195, 'visit'),
(187, 196, 'visit'),
(187, 197, 'visit'),
(187, 198, 'visit'),
(187, 199, 'visit'),
(187, 200, 'visit'),
(187, 201, 'visit'),
(187, 202, 'visit'),
(187, 203, 'visit'),
(187, 204, 'visit'),
(187, 205, 'visit'),
(187, 206, 'visit'),
(187, 207, 'visit'),
(188, 173, 'visit'),
(188, 178, 'visit'),
(188, 179, 'visit'),
(188, 180, 'visit'),
(188, 181, 'visit'),
(188, 182, 'visit'),
(188, 183, 'visit'),
(188, 184, 'visit'),
(188, 185, 'visit'),
(188, 186, 'visit'),
(188, 187, 'visit'),
(188, 188, 'late'),
(188, 189, 'late'),
(188, 190, 'visit'),
(188, 191, 'visit'),
(188, 192, 'visit'),
(188, 193, 'visit'),
(188, 194, 'visit'),
(188, 195, 'visit'),
(188, 196, 'visit'),
(188, 197, 'visit'),
(188, 198, 'visit'),
(188, 199, 'visit'),
(188, 200, 'visit'),
(188, 201, 'visit'),
(188, 202, 'visit'),
(188, 203, 'visit'),
(188, 204, 'visit'),
(188, 205, 'visit'),
(188, 206, 'visit'),
(188, 207, 'visit'),
(189, 173, 'visit'),
(189, 178, 'visit'),
(189, 179, 'visit'),
(189, 180, 'visit'),
(189, 181, 'visit'),
(189, 182, 'visit'),
(189, 183, 'visit'),
(189, 184, 'visit'),
(189, 185, 'visit'),
(189, 186, 'ill'),
(189, 187, 'visit'),
(189, 188, 'visit'),
(189, 189, 'ill'),
(189, 190, 'visit'),
(189, 191, 'visit'),
(189, 192, 'visit'),
(189, 193, 'visit'),
(189, 194, 'visit'),
(189, 195, 'visit'),
(189, 196, 'visit'),
(189, 197, 'ill'),
(189, 198, 'visit'),
(189, 200, 'visit'),
(189, 201, 'visit'),
(189, 202, 'visit'),
(189, 203, 'visit'),
(189, 204, 'visit'),
(189, 205, 'visit'),
(189, 206, ''),
(189, 207, 'visit'),
(190, 173, 'visit'),
(190, 178, 'visit'),
(190, 179, 'visit'),
(190, 180, 'visit'),
(190, 181, 'visit'),
(190, 182, 'visit'),
(190, 183, 'visit'),
(190, 184, 'visit'),
(190, 185, 'visit'),
(190, 186, 'ill'),
(190, 187, 'visit'),
(190, 188, 'visit'),
(190, 189, 'ill'),
(190, 190, 'visit'),
(190, 191, 'visit'),
(190, 192, 'visit'),
(190, 193, 'visit'),
(190, 194, 'visit'),
(190, 195, 'visit'),
(190, 196, 'visit'),
(190, 197, 'ill'),
(190, 198, 'visit'),
(190, 199, ''),
(190, 200, 'visit'),
(190, 201, 'visit'),
(190, 202, 'visit'),
(190, 203, 'visit'),
(190, 204, 'visit'),
(190, 205, 'visit'),
(190, 207, 'visit'),
(191, 173, 'late'),
(191, 178, 'visit'),
(191, 179, 'visit'),
(191, 180, 'visit'),
(191, 181, 'visit'),
(191, 182, 'visit'),
(191, 183, 'late'),
(191, 184, 'visit'),
(191, 185, 'visit'),
(191, 186, 'late'),
(191, 187, 'visit'),
(191, 189, 'visit'),
(191, 190, 'late'),
(191, 191, 'visit'),
(191, 192, 'visit'),
(191, 193, 'late'),
(191, 194, 'visit'),
(191, 196, 'visit'),
(191, 197, 'visit'),
(191, 198, 'late'),
(191, 199, 'visit'),
(191, 200, 'late'),
(191, 201, 'visit'),
(191, 202, 'late'),
(191, 203, 'visit'),
(191, 204, 'visit'),
(191, 205, 'visit'),
(191, 206, 'visit'),
(192, 173, 'visit'),
(192, 178, 'visit'),
(192, 179, 'ill'),
(192, 180, 'visit'),
(192, 181, 'visit'),
(192, 182, 'visit'),
(192, 184, 'visit'),
(192, 185, 'visit'),
(192, 186, 'visit'),
(192, 187, 'visit'),
(192, 188, 'visit'),
(192, 189, 'visit'),
(192, 190, 'visit'),
(192, 191, 'visit'),
(192, 192, 'visit'),
(192, 193, 'visit'),
(192, 194, 'visit'),
(192, 195, 'visit'),
(192, 196, 'visit'),
(192, 197, 'visit'),
(192, 200, 'visit'),
(192, 201, 'visit'),
(192, 202, 'visit'),
(192, 203, 'visit'),
(192, 204, 'visit'),
(192, 205, 'visit'),
(192, 206, 'visit'),
(192, 207, 'visit'),
(193, 178, 'visit'),
(193, 179, 'ill'),
(193, 180, 'visit'),
(193, 181, 'visit'),
(193, 182, 'visit'),
(193, 184, 'visit'),
(193, 185, 'visit'),
(193, 186, 'visit'),
(193, 187, 'visit'),
(193, 188, 'visit'),
(193, 189, 'visit'),
(193, 190, 'visit'),
(193, 191, 'visit'),
(193, 192, 'visit'),
(193, 193, 'visit'),
(193, 194, 'late'),
(193, 195, 'visit'),
(193, 196, 'visit'),
(193, 197, 'visit'),
(193, 200, 'visit'),
(193, 201, 'late'),
(193, 202, 'ill'),
(193, 203, 'visit'),
(193, 204, 'visit'),
(193, 205, 'visit'),
(193, 206, 'visit'),
(193, 207, 'visit'),
(194, 173, 'visit'),
(194, 178, 'visit'),
(194, 184, 'visit'),
(194, 185, 'ill'),
(194, 186, 'visit'),
(194, 187, 'visit'),
(194, 190, 'ill'),
(194, 191, 'late'),
(194, 193, 'late'),
(194, 194, 'visit'),
(194, 196, 'visit'),
(194, 197, 'visit'),
(194, 199, 'ill'),
(194, 204, 'ill'),
(194, 206, 'visit'),
(195, 178, 'visit'),
(195, 179, 'late'),
(195, 180, 'visit'),
(195, 181, 'visit'),
(195, 182, 'visit'),
(195, 183, 'visit'),
(195, 184, 'visit'),
(195, 185, 'visit'),
(195, 186, 'visit'),
(195, 187, 'visit'),
(195, 188, 'visit'),
(195, 189, 'visit'),
(195, 190, 'visit'),
(195, 191, 'visit'),
(195, 192, 'visit'),
(195, 193, 'visit'),
(195, 194, 'visit'),
(195, 195, 'visit'),
(195, 196, 'visit'),
(195, 197, 'visit'),
(195, 200, 'visit'),
(195, 201, 'ill'),
(195, 202, 'ill'),
(195, 203, 'late'),
(195, 204, 'visit'),
(195, 205, 'visit'),
(195, 206, 'late'),
(195, 207, 'visit'),
(196, 178, 'visit'),
(196, 179, 'visit'),
(196, 180, 'visit'),
(196, 181, 'visit'),
(196, 182, 'visit'),
(196, 183, 'visit'),
(196, 184, 'visit'),
(196, 185, 'visit'),
(196, 186, 'visit'),
(196, 187, 'visit'),
(196, 188, 'visit'),
(196, 189, 'visit'),
(196, 190, 'visit'),
(196, 191, 'visit'),
(196, 192, 'visit'),
(196, 193, 'visit'),
(196, 194, 'visit'),
(196, 195, 'late'),
(196, 196, 'visit'),
(196, 197, 'visit'),
(196, 200, 'visit'),
(196, 201, 'ill'),
(196, 202, 'ill'),
(196, 203, 'visit'),
(196, 204, 'visit'),
(196, 205, 'visit'),
(196, 206, 'visit'),
(196, 207, 'visit'),
(197, 173, 'late'),
(197, 178, 'visit'),
(197, 179, 'late'),
(197, 180, 'visit'),
(197, 181, 'visit'),
(197, 182, 'visit'),
(197, 184, 'visit'),
(197, 185, 'visit'),
(197, 187, 'visit'),
(197, 189, 'late'),
(197, 191, 'visit'),
(197, 192, 'visit'),
(197, 193, 'late'),
(197, 194, 'ill'),
(197, 197, 'visit'),
(197, 199, 'ill'),
(197, 200, 'visit'),
(197, 201, 'visit'),
(197, 202, 'late'),
(197, 205, 'visit'),
(197, 206, 'late'),
(198, 173, 'visit'),
(198, 178, 'visit'),
(198, 179, 'visit'),
(198, 180, 'visit'),
(198, 181, 'visit'),
(198, 184, 'visit'),
(198, 185, 'visit'),
(198, 186, 'visit'),
(198, 187, 'visit'),
(198, 188, 'visit'),
(198, 189, 'visit'),
(198, 190, 'visit'),
(198, 191, 'visit'),
(198, 193, 'visit'),
(198, 195, 'ill'),
(198, 196, 'visit'),
(198, 197, 'visit'),
(198, 200, 'visit'),
(198, 201, 'ill'),
(198, 202, 'ill'),
(198, 203, 'visit'),
(198, 204, 'visit'),
(198, 205, 'visit'),
(198, 206, 'visit'),
(198, 207, 'visit'),
(199, 173, 'visit'),
(199, 178, 'visit'),
(199, 179, 'visit'),
(199, 180, 'visit'),
(199, 181, 'visit'),
(199, 184, 'visit'),
(199, 185, 'visit'),
(199, 186, 'visit'),
(199, 187, 'visit'),
(199, 188, 'visit'),
(199, 189, 'visit'),
(199, 190, 'visit'),
(199, 191, 'visit'),
(199, 193, 'visit'),
(199, 195, 'ill'),
(199, 196, 'visit'),
(199, 197, 'visit'),
(199, 200, 'visit'),
(199, 201, 'ill'),
(199, 202, 'ill'),
(199, 203, 'visit'),
(199, 204, 'visit'),
(199, 205, 'visit'),
(199, 206, 'visit'),
(199, 207, 'visit'),
(200, 173, 'late'),
(200, 178, 'visit'),
(200, 181, 'visit'),
(200, 184, 'visit'),
(200, 185, 'visit'),
(200, 186, 'visit'),
(200, 187, 'late'),
(200, 189, 'late'),
(200, 190, 'late'),
(200, 191, 'visit'),
(200, 196, 'visit'),
(200, 197, 'visit'),
(200, 200, 'late'),
(200, 201, 'visit'),
(200, 202, 'late'),
(200, 205, 'visit'),
(201, 173, 'visit'),
(201, 178, 'visit'),
(201, 179, 'visit'),
(201, 180, 'visit'),
(201, 181, 'visit'),
(201, 182, 'visit'),
(201, 184, 'visit'),
(201, 185, 'visit'),
(201, 186, 'visit'),
(201, 187, 'visit'),
(201, 188, 'visit'),
(201, 189, 'visit'),
(201, 190, 'visit'),
(201, 191, 'visit'),
(201, 192, 'visit'),
(201, 193, 'late'),
(201, 194, 'visit'),
(201, 195, 'visit'),
(201, 196, 'visit'),
(201, 197, 'visit'),
(201, 200, 'visit'),
(201, 201, 'visit'),
(201, 202, 'visit'),
(201, 203, 'late'),
(201, 204, 'visit'),
(201, 205, 'visit'),
(201, 206, 'visit'),
(201, 207, 'visit'),
(202, 173, 'visit'),
(202, 178, 'visit'),
(202, 179, 'visit'),
(202, 180, 'visit'),
(202, 181, 'visit'),
(202, 182, 'visit'),
(202, 184, 'visit'),
(202, 185, 'visit'),
(202, 186, 'visit'),
(202, 187, 'visit'),
(202, 188, 'visit'),
(202, 189, 'ill'),
(202, 190, 'ill'),
(202, 191, 'visit'),
(202, 192, 'visit'),
(202, 193, 'visit'),
(202, 194, 'visit'),
(202, 195, 'visit'),
(202, 196, 'visit'),
(202, 197, 'visit'),
(202, 200, 'visit'),
(202, 201, 'visit'),
(202, 202, 'visit'),
(202, 203, 'late'),
(202, 204, 'visit'),
(202, 205, 'visit'),
(202, 206, 'visit'),
(202, 207, 'visit'),
(203, 178, 'visit'),
(203, 180, 'visit'),
(203, 181, 'visit'),
(203, 182, 'visit'),
(203, 184, 'late'),
(203, 185, 'visit'),
(203, 186, 'late'),
(203, 187, 'visit'),
(203, 189, 'visit'),
(203, 191, 'visit'),
(203, 192, 'visit'),
(203, 193, 'visit'),
(203, 196, 'ill'),
(203, 197, 'visit'),
(203, 200, 'visit'),
(203, 201, 'visit'),
(203, 202, 'visit'),
(203, 203, 'late'),
(203, 205, 'visit'),
(203, 206, 'visit'),
(203, 207, 'visit'),
(204, 178, 'visit'),
(204, 180, 'visit'),
(204, 181, 'visit'),
(204, 182, 'visit'),
(204, 184, 'visit'),
(204, 185, 'visit'),
(204, 186, 'visit'),
(204, 187, 'visit'),
(204, 189, 'visit'),
(204, 191, 'visit'),
(204, 192, 'visit'),
(204, 193, 'visit'),
(204, 196, 'ill'),
(204, 197, 'visit'),
(204, 200, 'visit'),
(204, 201, 'visit'),
(204, 202, 'visit'),
(204, 203, 'late'),
(204, 204, 'visit'),
(204, 205, 'visit'),
(204, 206, 'visit'),
(204, 207, 'visit'),
(205, 173, ''),
(205, 178, 'visit'),
(205, 180, 'visit'),
(205, 181, 'visit'),
(205, 182, 'visit'),
(205, 183, ''),
(205, 184, 'visit'),
(205, 185, 'late'),
(205, 186, 'ill'),
(205, 187, 'visit'),
(205, 189, 'late'),
(205, 191, 'visit'),
(205, 192, 'visit'),
(205, 193, 'late'),
(205, 197, 'late'),
(205, 200, 'visit'),
(205, 201, 'ill'),
(205, 202, 'ill'),
(205, 203, 'late'),
(205, 204, 'ill'),
(205, 205, 'visit'),
(205, 206, 'ill'),
(205, 207, 'ill'),
(206, 173, 'visit'),
(206, 178, 'visit'),
(206, 179, 'visit'),
(206, 180, 'visit'),
(206, 181, 'visit'),
(206, 182, 'visit'),
(206, 184, 'visit'),
(206, 185, 'late'),
(206, 186, 'visit'),
(206, 187, 'visit'),
(206, 188, 'visit'),
(206, 189, 'visit'),
(206, 190, 'visit'),
(206, 191, 'visit'),
(206, 192, 'visit'),
(206, 193, 'late'),
(206, 195, 'late'),
(206, 196, 'late'),
(206, 197, 'visit'),
(206, 200, 'visit'),
(206, 201, 'visit'),
(206, 202, 'visit'),
(206, 203, 'late'),
(206, 204, 'visit'),
(206, 205, 'visit'),
(206, 206, 'visit'),
(206, 207, 'visit'),
(207, 173, 'visit'),
(207, 178, 'visit'),
(207, 179, 'visit'),
(207, 180, 'visit'),
(207, 181, 'visit'),
(207, 182, 'visit'),
(207, 184, 'visit'),
(207, 185, 'visit'),
(207, 186, 'visit'),
(207, 187, 'visit'),
(207, 188, 'visit'),
(207, 189, 'visit'),
(207, 190, 'visit'),
(207, 191, 'visit'),
(207, 192, 'visit'),
(207, 193, 'visit'),
(207, 194, ''),
(207, 195, 'visit'),
(207, 196, 'visit'),
(207, 197, 'visit'),
(207, 200, 'visit'),
(207, 201, 'visit'),
(207, 202, 'visit'),
(207, 203, 'late'),
(207, 204, 'visit'),
(207, 205, 'visit'),
(207, 206, 'visit'),
(207, 207, 'visit'),
(207, 239, 'visit'),
(208, 173, 'visit'),
(208, 178, 'visit'),
(208, 179, 'ill'),
(208, 180, 'visit'),
(208, 181, 'visit'),
(208, 182, 'visit'),
(208, 184, 'late'),
(208, 185, 'late'),
(208, 186, 'late'),
(208, 187, 'visit'),
(208, 189, 'visit'),
(208, 190, 'late'),
(208, 191, 'visit'),
(208, 192, 'visit'),
(208, 193, 'ill'),
(208, 194, 'visit'),
(208, 195, 'ill'),
(208, 196, 'visit'),
(208, 197, 'visit'),
(208, 200, 'late'),
(208, 201, 'visit'),
(208, 202, 'late'),
(208, 203, 'visit'),
(208, 204, 'late'),
(208, 205, 'late'),
(208, 206, 'ill'),
(209, 173, 'visit'),
(209, 178, 'visit'),
(209, 179, 'late'),
(209, 180, 'visit'),
(209, 181, 'visit'),
(209, 182, 'visit'),
(209, 184, 'visit'),
(209, 185, 'late'),
(209, 186, 'visit'),
(209, 187, 'visit'),
(209, 189, 'visit'),
(209, 190, 'visit'),
(209, 191, 'visit'),
(209, 192, 'visit'),
(209, 193, 'late'),
(209, 194, 'visit'),
(209, 195, ''),
(209, 196, 'visit'),
(209, 197, 'visit'),
(209, 200, 'visit'),
(209, 201, 'visit'),
(209, 202, 'late'),
(209, 203, 'visit'),
(209, 204, 'late'),
(209, 205, 'visit'),
(209, 206, 'late'),
(209, 239, 'late'),
(210, 173, 'visit'),
(210, 178, 'visit'),
(210, 179, 'visit'),
(210, 180, 'visit'),
(210, 181, 'visit'),
(210, 182, 'visit'),
(210, 184, 'visit'),
(210, 185, 'visit'),
(210, 186, 'visit'),
(210, 187, 'visit'),
(210, 188, ''),
(210, 189, 'visit'),
(210, 190, 'visit'),
(210, 191, 'visit'),
(210, 192, 'visit'),
(210, 193, 'visit'),
(210, 194, 'visit'),
(210, 195, 'visit'),
(210, 196, 'visit'),
(210, 197, 'visit'),
(210, 204, 'visit'),
(210, 205, 'visit'),
(210, 206, 'visit'),
(210, 207, 'visit'),
(210, 239, 'visit'),
(210, 248, 'visit'),
(210, 276, 'visit'),
(210, 285, 'visit'),
(211, 208, 'visit'),
(211, 209, 'late'),
(211, 211, ''),
(211, 213, 'late'),
(211, 215, 'late'),
(211, 216, 'late'),
(211, 217, 'late'),
(211, 218, 'late'),
(211, 219, 'visit'),
(211, 220, 'late'),
(211, 221, 'late'),
(211, 222, 'late'),
(211, 223, ''),
(211, 224, 'late'),
(211, 225, 'late'),
(211, 227, 'late'),
(211, 228, 'late'),
(211, 231, 'late'),
(211, 232, 'late'),
(212, 261, ''),
(212, 262, ''),
(212, 264, ''),
(212, 266, ''),
(212, 267, ''),
(213, 173, 'visit'),
(213, 178, 'visit'),
(213, 179, 'visit'),
(213, 180, 'visit'),
(213, 181, 'visit'),
(213, 182, 'visit'),
(213, 184, 'visit'),
(213, 185, 'visit'),
(213, 186, 'visit'),
(213, 187, 'visit'),
(213, 189, ''),
(213, 190, 'visit'),
(213, 191, 'visit'),
(213, 192, 'visit'),
(213, 193, 'visit'),
(213, 194, 'visit'),
(213, 195, 'visit'),
(213, 196, 'visit'),
(213, 197, 'visit'),
(213, 204, 'visit'),
(213, 205, 'visit'),
(213, 206, 'visit'),
(213, 207, 'visit'),
(213, 239, 'visit'),
(213, 248, 'visit'),
(213, 276, 'visit'),
(213, 285, 'visit'),
(214, 208, ''),
(214, 212, ''),
(214, 213, ''),
(215, 283, ''),
(216, 211, 'visit'),
(216, 233, 'visit'),
(216, 234, 'visit'),
(216, 235, 'visit'),
(216, 236, 'visit'),
(216, 237, 'visit'),
(216, 238, 'visit'),
(216, 239, 'visit'),
(216, 241, 'visit'),
(216, 242, 'visit'),
(216, 244, 'visit'),
(216, 245, 'late'),
(216, 246, 'visit'),
(216, 247, 'visit'),
(216, 248, 'visit'),
(216, 249, 'visit'),
(216, 251, 'visit'),
(216, 252, 'visit'),
(216, 253, 'visit'),
(216, 255, 'visit'),
(216, 256, 'visit'),
(216, 257, 'visit'),
(216, 258, 'visit'),
(216, 259, 'visit'),
(216, 260, 'visit'),
(216, 326, ''),
(216, 329, 'visit'),
(217, 246, ''),
(217, 251, ''),
(217, 258, ''),
(217, 260, ''),
(220, 173, 'visit'),
(220, 178, 'visit'),
(220, 179, 'visit'),
(220, 180, 'visit'),
(220, 181, 'visit'),
(220, 182, 'visit'),
(220, 184, 'visit'),
(220, 185, 'visit'),
(220, 186, 'visit'),
(220, 187, 'visit'),
(220, 188, 'late'),
(220, 189, 'visit'),
(220, 190, 'visit'),
(220, 191, 'visit'),
(220, 192, 'visit'),
(220, 193, 'visit'),
(220, 194, 'late'),
(220, 195, 'ill'),
(220, 196, 'visit'),
(220, 197, 'visit'),
(220, 200, 'visit'),
(220, 201, 'visit'),
(220, 202, 'visit'),
(220, 203, 'visit'),
(220, 204, 'visit'),
(220, 205, 'late'),
(220, 206, 'visit'),
(220, 207, 'ill'),
(220, 239, 'visit'),
(220, 248, 'visit'),
(220, 276, 'visit'),
(220, 285, 'late'),
(221, 208, ''),
(221, 212, 'visit'),
(221, 213, 'late'),
(221, 216, 'late'),
(221, 220, 'visit'),
(221, 221, 'late'),
(221, 223, 'late'),
(221, 225, 'late'),
(221, 230, 'late'),
(221, 231, 'late'),
(221, 232, 'late'),
(222, 265, ''),
(222, 266, ''),
(223, 211, 'visit'),
(223, 233, 'visit'),
(223, 234, 'visit'),
(223, 235, 'visit'),
(223, 237, 'visit'),
(223, 238, 'visit'),
(223, 239, 'visit'),
(223, 241, 'visit'),
(223, 242, 'visit'),
(223, 245, 'visit'),
(223, 246, 'visit'),
(223, 247, 'visit'),
(223, 248, 'late'),
(223, 249, 'visit'),
(223, 252, 'visit'),
(223, 255, 'late'),
(223, 257, 'late'),
(223, 258, 'visit'),
(223, 259, 'visit'),
(223, 260, 'visit'),
(223, 326, ''),
(223, 329, 'visit'),
(225, 173, ''),
(225, 178, 'visit'),
(225, 179, 'visit'),
(225, 180, 'visit'),
(225, 181, 'visit'),
(225, 182, 'visit'),
(225, 184, 'visit'),
(225, 185, 'visit'),
(225, 186, 'visit'),
(225, 187, 'visit'),
(225, 188, 'visit'),
(225, 189, 'visit'),
(225, 190, 'visit'),
(225, 191, 'visit'),
(225, 192, 'visit'),
(225, 193, 'visit'),
(225, 195, 'visit'),
(225, 196, 'late'),
(225, 197, 'visit'),
(225, 200, 'late'),
(225, 201, 'ill'),
(225, 202, 'late'),
(225, 203, 'late'),
(225, 204, 'visit'),
(225, 205, 'visit'),
(225, 206, 'late'),
(225, 285, 'visit'),
(227, 266, '');
INSERT INTO `visit` (`class_id`, `student_id`, `status`) VALUES
(230, 178, 'visit'),
(230, 179, 'visit'),
(230, 180, 'visit'),
(230, 181, 'visit'),
(230, 182, 'visit'),
(230, 184, 'visit'),
(230, 185, 'visit'),
(230, 186, 'visit'),
(230, 187, 'visit'),
(230, 188, 'visit'),
(230, 189, 'visit'),
(230, 190, 'visit'),
(230, 191, 'visit'),
(230, 192, 'visit'),
(230, 193, 'visit'),
(230, 195, 'visit'),
(230, 196, 'visit'),
(230, 197, 'visit'),
(230, 200, 'visit'),
(230, 201, 'ill'),
(230, 202, 'visit'),
(230, 203, 'visit'),
(230, 204, 'visit'),
(230, 205, 'visit'),
(230, 206, 'visit'),
(233, 211, 'late'),
(233, 233, 'visit'),
(233, 236, 'visit'),
(233, 237, 'late'),
(233, 238, 'late'),
(233, 239, 'visit'),
(233, 240, 'late'),
(233, 241, 'visit'),
(233, 242, 'late'),
(233, 244, 'visit'),
(233, 245, 'visit'),
(233, 246, 'late'),
(233, 247, 'visit'),
(233, 248, 'late'),
(233, 249, 'visit'),
(233, 250, 'visit'),
(233, 251, 'visit'),
(233, 252, 'visit'),
(233, 255, 'late'),
(233, 256, 'visit'),
(233, 257, 'late'),
(233, 258, 'visit'),
(233, 259, 'late'),
(233, 260, 'late'),
(233, 326, 'visit'),
(233, 329, 'visit'),
(235, 173, 'late'),
(235, 178, 'visit'),
(235, 179, 'visit'),
(235, 180, 'visit'),
(235, 181, 'late'),
(235, 182, 'visit'),
(235, 184, 'visit'),
(235, 185, 'visit'),
(235, 186, 'late'),
(235, 187, 'visit'),
(235, 188, 'late'),
(235, 189, 'visit'),
(235, 190, 'visit'),
(235, 191, 'visit'),
(235, 192, 'late'),
(235, 193, 'visit'),
(235, 194, 'late'),
(235, 196, 'visit'),
(235, 197, 'visit'),
(235, 200, 'late'),
(235, 201, 'visit'),
(235, 202, 'late'),
(235, 203, 'visit'),
(235, 204, 'visit'),
(235, 205, 'visit'),
(235, 206, 'visit'),
(235, 207, ''),
(235, 239, 'visit'),
(235, 248, 'visit'),
(235, 276, 'visit'),
(235, 285, 'visit'),
(238, 233, 'visit'),
(238, 237, 'ill'),
(238, 239, 'late'),
(238, 242, 'late'),
(238, 246, 'visit'),
(238, 248, 'visit'),
(238, 251, 'visit'),
(238, 255, 'late'),
(238, 258, 'ill'),
(238, 259, 'ill'),
(238, 260, 'late'),
(240, 173, 'visit'),
(240, 178, 'visit'),
(240, 179, 'visit'),
(240, 180, 'visit'),
(240, 181, 'visit'),
(240, 182, 'visit'),
(240, 184, 'visit'),
(240, 185, 'visit'),
(240, 186, 'visit'),
(240, 187, 'visit'),
(240, 188, 'visit'),
(240, 189, 'visit'),
(240, 190, 'visit'),
(240, 191, 'visit'),
(240, 193, 'visit'),
(240, 195, 'ill'),
(240, 196, 'visit'),
(240, 197, 'visit'),
(240, 200, 'visit'),
(240, 201, 'ill'),
(240, 202, 'ill'),
(240, 203, 'visit'),
(240, 204, 'visit'),
(240, 205, 'visit'),
(240, 206, 'visit'),
(240, 276, 'visit'),
(240, 285, 'visit'),
(243, 233, 'visit'),
(243, 235, 'ill'),
(243, 236, 'visit'),
(243, 237, 'visit'),
(243, 238, 'visit'),
(243, 239, 'visit'),
(243, 241, 'visit'),
(243, 242, 'visit'),
(243, 243, 'late'),
(243, 244, 'ill'),
(243, 245, 'visit'),
(243, 246, 'late'),
(243, 247, 'visit'),
(243, 248, 'visit'),
(243, 249, 'visit'),
(243, 250, 'ill'),
(243, 251, 'visit'),
(243, 252, 'visit'),
(243, 253, 'visit'),
(243, 255, 'visit'),
(243, 256, 'visit'),
(243, 257, 'visit'),
(243, 258, 'visit'),
(243, 259, 'visit'),
(243, 260, 'visit'),
(243, 329, 'visit'),
(245, 173, 'visit'),
(245, 178, 'visit'),
(245, 179, 'visit'),
(245, 180, 'visit'),
(245, 181, 'visit'),
(245, 182, 'visit'),
(245, 184, 'visit'),
(245, 185, 'visit'),
(245, 186, 'visit'),
(245, 187, 'visit'),
(245, 188, 'visit'),
(245, 189, 'visit'),
(245, 190, 'visit'),
(245, 191, 'visit'),
(245, 193, 'visit'),
(245, 195, 'ill'),
(245, 196, 'visit'),
(245, 197, 'visit'),
(245, 200, 'visit'),
(245, 201, 'ill'),
(245, 202, 'ill'),
(245, 203, 'visit'),
(245, 204, 'visit'),
(245, 205, 'visit'),
(245, 206, 'ill'),
(245, 276, 'visit'),
(245, 285, 'visit'),
(248, 233, 'ill'),
(248, 239, 'late'),
(248, 242, 'late'),
(248, 246, 'ill'),
(248, 248, 'visit'),
(248, 251, 'ill'),
(248, 258, 'ill'),
(248, 329, 'ill'),
(250, 173, 'late'),
(250, 178, 'visit'),
(250, 179, 'visit'),
(250, 180, 'visit'),
(250, 181, 'visit'),
(250, 182, 'visit'),
(250, 184, 'visit'),
(250, 185, 'visit'),
(250, 186, 'late'),
(250, 187, 'visit'),
(250, 188, 'ill'),
(250, 189, 'late'),
(250, 190, 'visit'),
(250, 191, 'visit'),
(250, 192, 'visit'),
(250, 193, 'visit'),
(250, 196, 'visit'),
(250, 197, 'visit'),
(250, 200, 'late'),
(250, 201, 'visit'),
(250, 202, 'late'),
(250, 203, 'visit'),
(250, 204, 'visit'),
(250, 205, 'late'),
(250, 206, 'late'),
(250, 239, 'visit'),
(250, 248, 'visit'),
(250, 276, 'visit'),
(250, 285, 'late'),
(253, 211, ''),
(253, 233, 'visit'),
(253, 235, 'ill'),
(253, 236, 'visit'),
(253, 237, 'visit'),
(253, 238, 'visit'),
(253, 239, 'visit'),
(253, 240, ''),
(253, 241, 'visit'),
(253, 242, 'visit'),
(253, 243, ''),
(253, 244, ''),
(253, 245, ''),
(253, 246, 'visit'),
(253, 247, 'late'),
(253, 248, 'visit'),
(253, 249, 'visit'),
(253, 250, 'visit'),
(253, 251, 'visit'),
(253, 252, ''),
(253, 253, ''),
(253, 254, ''),
(253, 255, 'visit'),
(253, 256, 'visit'),
(253, 257, 'visit'),
(253, 258, 'visit'),
(253, 259, 'visit'),
(253, 260, 'visit'),
(253, 326, ''),
(253, 329, 'visit'),
(255, 173, 'visit'),
(255, 178, 'visit'),
(255, 179, 'visit'),
(255, 180, 'visit'),
(255, 181, 'visit'),
(255, 182, 'visit'),
(255, 184, 'visit'),
(255, 185, 'visit'),
(255, 186, ''),
(255, 187, 'visit'),
(255, 188, 'visit'),
(255, 189, 'ill'),
(255, 190, 'visit'),
(255, 191, 'visit'),
(255, 192, 'visit'),
(255, 193, 'late'),
(255, 194, 'visit'),
(255, 195, 'visit'),
(255, 196, 'visit'),
(255, 197, 'visit'),
(255, 200, 'visit'),
(255, 201, 'ill'),
(255, 202, 'visit'),
(255, 203, 'ill'),
(255, 204, 'visit'),
(255, 205, 'visit'),
(255, 206, 'visit'),
(255, 276, 'visit'),
(255, 285, 'visit'),
(256, 173, 'late'),
(256, 178, 'visit'),
(256, 179, 'visit'),
(256, 180, 'visit'),
(256, 181, 'visit'),
(256, 182, 'visit'),
(256, 184, 'visit'),
(256, 185, 'visit'),
(256, 186, 'late'),
(256, 187, 'visit'),
(256, 188, 'ill'),
(256, 189, 'late'),
(256, 190, 'visit'),
(256, 191, 'visit'),
(256, 192, 'late'),
(256, 193, 'late'),
(256, 196, 'visit'),
(256, 197, 'visit'),
(256, 200, 'visit'),
(256, 203, 'visit'),
(256, 204, 'visit'),
(256, 239, 'visit'),
(256, 248, 'visit'),
(256, 276, 'visit'),
(256, 285, 'visit'),
(257, 173, 'late'),
(257, 178, 'visit'),
(257, 179, 'visit'),
(257, 180, 'visit'),
(257, 181, 'visit'),
(257, 182, 'visit'),
(257, 184, 'visit'),
(257, 185, 'visit'),
(257, 186, 'late'),
(257, 187, 'visit'),
(257, 188, 'visit'),
(257, 189, ''),
(257, 190, 'visit'),
(257, 191, 'late'),
(257, 192, 'visit'),
(257, 193, 'visit'),
(257, 194, 'late'),
(257, 195, ''),
(257, 196, 'visit'),
(257, 197, 'visit'),
(257, 200, 'visit'),
(257, 201, 'visit'),
(257, 202, 'visit'),
(257, 203, 'visit'),
(257, 204, 'visit'),
(257, 205, 'visit'),
(257, 206, 'visit'),
(257, 276, 'visit'),
(257, 285, 'visit'),
(258, 178, 'visit'),
(258, 180, 'visit'),
(258, 181, 'visit'),
(258, 182, 'visit'),
(258, 184, 'visit'),
(258, 185, 'visit'),
(258, 186, 'late'),
(258, 187, 'visit'),
(258, 188, 'ill'),
(258, 189, 'late'),
(258, 190, 'visit'),
(258, 191, 'visit'),
(258, 192, 'late'),
(258, 193, 'visit'),
(258, 194, ''),
(258, 196, 'visit'),
(258, 197, 'visit'),
(258, 200, 'visit'),
(258, 203, 'late'),
(258, 204, 'visit'),
(258, 239, 'visit'),
(258, 248, 'visit'),
(258, 276, 'visit'),
(258, 285, 'ill'),
(259, 173, 'visit'),
(259, 178, 'visit'),
(259, 179, 'visit'),
(259, 180, 'visit'),
(259, 181, 'visit'),
(259, 182, 'visit'),
(259, 184, 'visit'),
(259, 185, 'visit'),
(259, 186, 'visit'),
(259, 187, 'visit'),
(259, 188, 'late'),
(259, 189, 'visit'),
(259, 190, 'visit'),
(259, 191, 'visit'),
(259, 192, 'visit'),
(259, 193, 'visit'),
(259, 194, 'visit'),
(259, 195, 'visit'),
(259, 196, 'visit'),
(259, 197, 'visit'),
(259, 200, 'visit'),
(259, 201, 'visit'),
(259, 202, 'visit'),
(259, 203, 'visit'),
(259, 204, 'visit'),
(259, 205, 'visit'),
(259, 206, 'late'),
(259, 239, 'visit'),
(259, 248, 'visit'),
(259, 276, 'visit'),
(260, 178, 'visit'),
(260, 180, 'visit'),
(260, 181, 'visit'),
(260, 182, 'visit'),
(260, 184, 'visit'),
(260, 185, 'visit'),
(260, 186, 'late'),
(260, 187, 'visit'),
(260, 190, 'late'),
(260, 191, 'visit'),
(260, 193, 'visit'),
(260, 196, 'visit'),
(260, 197, 'visit'),
(260, 203, 'visit'),
(260, 204, 'visit'),
(260, 205, 'late'),
(260, 239, 'late'),
(260, 248, 'visit'),
(260, 276, 'visit'),
(261, 178, 'visit'),
(261, 180, 'visit'),
(261, 181, 'visit'),
(261, 182, 'late'),
(261, 184, 'visit'),
(261, 185, 'visit'),
(261, 187, 'visit'),
(261, 189, 'visit'),
(261, 190, 'visit'),
(261, 191, 'visit'),
(261, 193, 'visit'),
(261, 195, 'visit'),
(261, 196, 'visit'),
(261, 197, 'visit'),
(261, 200, 'visit'),
(261, 202, 'visit'),
(261, 203, 'visit'),
(261, 204, 'visit'),
(261, 206, 'visit'),
(261, 239, 'visit'),
(261, 248, 'visit'),
(261, 276, 'visit'),
(262, 178, 'visit'),
(262, 180, 'visit'),
(262, 181, 'visit'),
(262, 182, 'visit'),
(262, 184, 'visit'),
(262, 185, 'visit'),
(262, 186, 'late'),
(262, 187, 'visit'),
(262, 189, 'late'),
(262, 190, 'visit'),
(262, 191, 'late'),
(262, 192, 'ill'),
(262, 193, 'visit'),
(262, 196, 'visit'),
(262, 197, 'visit'),
(262, 200, 'late'),
(262, 203, 'visit'),
(262, 204, 'late'),
(262, 205, 'late'),
(262, 239, 'late'),
(262, 248, 'visit'),
(262, 276, 'visit'),
(262, 285, 'visit'),
(263, 173, 'visit'),
(263, 178, 'visit'),
(263, 179, 'visit'),
(263, 180, 'visit'),
(263, 181, 'visit'),
(263, 182, 'visit'),
(263, 184, 'visit'),
(263, 185, 'visit'),
(263, 186, 'visit'),
(263, 187, 'visit'),
(263, 188, 'visit'),
(263, 189, 'visit'),
(263, 190, 'visit'),
(263, 191, 'visit'),
(263, 192, 'ill'),
(263, 193, 'visit'),
(263, 194, 'visit'),
(263, 195, 'visit'),
(263, 196, 'visit'),
(263, 197, 'visit'),
(263, 200, 'visit'),
(263, 201, 'visit'),
(263, 202, 'visit'),
(263, 203, 'visit'),
(263, 204, 'visit'),
(263, 205, 'visit'),
(263, 206, 'ill'),
(263, 239, 'visit'),
(263, 248, 'visit'),
(263, 276, 'visit'),
(263, 285, 'visit'),
(264, 178, 'visit'),
(264, 179, 'visit'),
(264, 180, 'visit'),
(264, 181, 'visit'),
(264, 182, 'visit'),
(264, 184, 'visit'),
(264, 185, 'late'),
(264, 186, 'visit'),
(264, 187, 'visit'),
(264, 188, 'late'),
(264, 189, 'visit'),
(264, 190, 'visit'),
(264, 191, 'late'),
(264, 192, 'visit'),
(264, 193, 'late'),
(264, 196, 'visit'),
(264, 197, 'visit'),
(264, 202, 'visit'),
(264, 204, 'visit'),
(264, 205, 'visit'),
(264, 206, 'visit'),
(264, 239, 'visit'),
(264, 248, 'visit'),
(264, 276, 'late'),
(267, 211, 'ill'),
(267, 233, 'late'),
(267, 235, 'late'),
(267, 236, 'visit'),
(267, 237, 'late'),
(267, 238, 'ill'),
(267, 239, 'late'),
(267, 241, 'ill'),
(267, 242, 'late'),
(267, 243, 'ill'),
(267, 244, 'ill'),
(267, 245, 'ill'),
(267, 246, 'ill'),
(267, 247, 'ill'),
(267, 248, 'visit'),
(267, 249, 'visit'),
(267, 250, 'ill'),
(267, 251, 'late'),
(267, 252, 'ill'),
(267, 255, 'ill'),
(267, 256, 'ill'),
(267, 257, 'late'),
(267, 258, 'ill'),
(267, 259, 'ill'),
(267, 260, 'ill'),
(267, 329, 'ill'),
(271, 233, 'visit'),
(271, 235, 'visit'),
(271, 236, 'visit'),
(271, 237, 'visit'),
(271, 238, 'visit'),
(271, 239, 'visit'),
(271, 241, 'visit'),
(271, 242, 'visit'),
(271, 245, 'visit'),
(271, 246, 'visit'),
(271, 247, 'visit'),
(271, 248, 'visit'),
(271, 249, 'visit'),
(271, 250, 'visit'),
(271, 251, 'visit'),
(271, 252, 'visit'),
(271, 255, 'visit'),
(271, 256, 'visit'),
(271, 257, 'visit'),
(271, 258, 'visit'),
(271, 259, 'visit'),
(271, 260, 'visit'),
(271, 329, 'visit'),
(275, 233, 'visit'),
(275, 235, 'ill'),
(275, 236, 'late'),
(275, 237, 'ill'),
(275, 239, 'visit'),
(275, 242, 'visit'),
(275, 246, 'visit'),
(275, 248, 'visit'),
(275, 249, 'late'),
(275, 251, 'visit'),
(275, 257, 'ill'),
(275, 329, 'ill'),
(279, 211, 'visit'),
(279, 233, 'visit'),
(279, 235, 'visit'),
(279, 236, 'visit'),
(279, 237, 'visit'),
(279, 238, 'visit'),
(279, 239, 'visit'),
(279, 240, 'ill'),
(279, 241, 'visit'),
(279, 242, 'visit'),
(279, 243, 'visit'),
(279, 244, 'visit'),
(279, 245, 'visit'),
(279, 246, 'visit'),
(279, 247, 'visit'),
(279, 248, 'visit'),
(279, 249, 'visit'),
(279, 250, 'visit'),
(279, 251, 'visit'),
(279, 252, 'visit'),
(279, 257, 'visit'),
(279, 258, 'visit'),
(279, 259, 'visit'),
(279, 260, 'visit'),
(279, 326, ''),
(279, 329, 'visit'),
(287, 211, 'visit'),
(287, 233, 'visit'),
(287, 235, 'visit'),
(287, 238, 'visit'),
(287, 241, 'visit'),
(287, 242, 'visit'),
(287, 245, 'visit'),
(287, 247, 'visit'),
(287, 249, 'visit'),
(287, 250, 'visit'),
(287, 251, 'visit'),
(287, 253, 'visit'),
(287, 255, 'visit'),
(287, 256, 'visit'),
(287, 257, 'visit'),
(287, 258, 'visit'),
(287, 259, 'visit'),
(287, 260, 'visit'),
(295, 233, 'visit'),
(295, 235, 'visit'),
(295, 236, 'visit'),
(295, 237, 'visit'),
(295, 238, 'visit'),
(295, 240, 'late'),
(295, 241, 'visit'),
(295, 242, 'visit'),
(295, 244, 'visit'),
(295, 245, 'visit'),
(295, 246, 'visit'),
(295, 247, 'visit'),
(295, 249, 'visit'),
(295, 250, 'visit'),
(295, 251, 'visit'),
(295, 252, 'visit'),
(295, 253, 'visit'),
(295, 255, 'visit'),
(295, 256, 'visit'),
(295, 257, 'visit'),
(295, 258, 'visit'),
(295, 259, 'visit'),
(295, 260, 'visit'),
(295, 329, 'late'),
(303, 234, 'ill'),
(303, 254, 'ill'),
(305, 178, 'visit'),
(305, 179, 'late'),
(305, 180, 'visit'),
(305, 181, 'visit'),
(305, 182, 'visit'),
(305, 184, 'late'),
(305, 185, 'ill'),
(305, 186, 'late'),
(305, 187, 'visit'),
(305, 189, 'late'),
(305, 190, 'late'),
(305, 192, 'late'),
(305, 196, 'visit'),
(305, 197, 'visit'),
(305, 202, 'ill'),
(305, 203, 'visit'),
(305, 204, 'late'),
(305, 205, 'late'),
(305, 206, 'ill'),
(305, 239, 'late'),
(305, 248, 'visit'),
(305, 276, 'late'),
(306, 178, 'visit'),
(306, 180, 'visit'),
(306, 181, 'visit'),
(306, 182, 'visit'),
(306, 184, 'visit'),
(306, 185, 'visit'),
(306, 186, 'visit'),
(306, 187, 'visit'),
(306, 189, 'visit'),
(306, 190, 'visit'),
(306, 191, 'late'),
(306, 192, ''),
(306, 193, 'late'),
(306, 196, 'visit'),
(306, 197, 'visit'),
(306, 200, 'visit'),
(306, 203, 'visit'),
(306, 204, 'late'),
(306, 205, 'late'),
(306, 239, 'visit'),
(306, 248, 'late'),
(306, 276, 'visit'),
(306, 285, 'late'),
(307, 173, ''),
(307, 178, 'visit'),
(307, 179, ''),
(307, 180, 'visit'),
(307, 181, 'visit'),
(307, 182, 'visit'),
(307, 184, 'visit'),
(307, 185, 'visit'),
(307, 186, 'late'),
(307, 187, 'visit'),
(307, 188, 'visit'),
(307, 189, 'visit'),
(307, 190, 'visit'),
(307, 191, 'visit'),
(307, 192, 'visit'),
(307, 193, 'late'),
(307, 194, ''),
(307, 195, ''),
(307, 196, 'visit'),
(307, 197, 'visit'),
(307, 200, 'late'),
(307, 201, 'visit'),
(307, 202, 'visit'),
(307, 203, ''),
(307, 204, 'visit'),
(307, 205, ''),
(307, 206, ''),
(307, 239, 'visit'),
(307, 248, 'visit'),
(307, 276, 'late'),
(307, 285, ''),
(308, 178, 'visit'),
(308, 180, ''),
(308, 181, 'visit'),
(308, 182, 'visit'),
(308, 184, 'late'),
(308, 185, 'visit'),
(308, 187, 'visit'),
(308, 190, 'visit'),
(308, 191, 'ill'),
(308, 192, 'ill'),
(308, 193, 'ill'),
(308, 196, 'late'),
(308, 197, 'late'),
(308, 204, 'visit'),
(308, 205, 'late'),
(308, 276, 'late'),
(309, 173, ''),
(309, 178, 'visit'),
(309, 179, 'visit'),
(309, 180, 'late'),
(309, 181, 'visit'),
(309, 182, 'visit'),
(309, 184, 'visit'),
(309, 185, 'visit'),
(309, 186, 'visit'),
(309, 187, 'visit'),
(309, 188, 'visit'),
(309, 189, 'ill'),
(309, 190, 'visit'),
(309, 191, ''),
(309, 192, ''),
(309, 193, 'visit'),
(309, 194, ''),
(309, 195, ''),
(309, 196, 'visit'),
(309, 197, 'visit'),
(309, 200, 'visit'),
(309, 201, ''),
(309, 202, 'visit'),
(309, 203, 'late'),
(309, 204, 'visit'),
(309, 205, 'visit'),
(309, 206, 'visit'),
(309, 239, 'visit'),
(309, 248, 'visit'),
(309, 276, 'visit'),
(309, 285, ''),
(310, 178, 'visit'),
(310, 179, 'ill'),
(310, 180, 'ill'),
(310, 181, 'visit'),
(310, 182, 'late'),
(310, 184, 'late'),
(310, 185, 'ill'),
(310, 186, 'ill'),
(310, 187, 'late'),
(310, 188, 'ill'),
(310, 189, 'ill'),
(310, 190, 'late'),
(310, 191, 'ill'),
(310, 192, 'ill'),
(310, 193, 'ill'),
(310, 195, 'ill'),
(310, 196, 'ill'),
(310, 197, 'visit'),
(310, 200, 'late'),
(310, 202, 'ill'),
(310, 203, 'late'),
(310, 204, 'ill'),
(310, 205, 'ill'),
(310, 206, 'ill'),
(310, 276, 'ill'),
(310, 285, 'ill'),
(311, 178, 'visit'),
(311, 179, 'visit'),
(311, 180, 'ill'),
(311, 181, 'visit'),
(311, 182, 'visit'),
(311, 184, 'visit'),
(311, 185, 'visit'),
(311, 186, 'visit'),
(311, 187, 'visit'),
(311, 188, 'visit'),
(311, 189, 'visit'),
(311, 190, 'visit'),
(311, 191, 'visit'),
(311, 192, 'visit'),
(311, 193, 'visit'),
(311, 195, 'visit'),
(311, 196, 'visit'),
(311, 197, 'ill'),
(311, 200, 'visit'),
(311, 203, 'visit'),
(311, 204, 'visit'),
(311, 205, 'visit'),
(311, 206, ''),
(311, 239, 'visit'),
(311, 248, 'visit'),
(311, 276, 'visit'),
(311, 285, 'visit'),
(312, 178, 'visit'),
(312, 180, 'visit'),
(312, 182, 'visit'),
(312, 187, 'visit'),
(312, 191, 'late'),
(312, 197, 'visit'),
(312, 200, 'visit'),
(313, 178, 'visit'),
(313, 180, 'visit'),
(313, 181, 'visit'),
(313, 182, 'visit'),
(313, 184, 'visit'),
(313, 185, 'visit'),
(313, 186, 'visit'),
(313, 187, 'visit'),
(313, 188, 'visit'),
(313, 189, 'visit'),
(313, 190, 'visit'),
(313, 191, 'visit'),
(313, 192, 'visit'),
(313, 193, 'visit'),
(313, 195, 'late'),
(313, 196, 'visit'),
(313, 197, 'late'),
(313, 200, 'visit'),
(313, 203, 'visit'),
(313, 204, 'visit'),
(313, 205, 'visit'),
(313, 206, 'visit'),
(313, 239, 'visit'),
(313, 248, 'visit'),
(313, 276, 'visit'),
(313, 285, 'visit'),
(314, 178, 'visit'),
(314, 179, 'ill'),
(314, 180, 'visit'),
(314, 181, 'visit'),
(314, 182, 'visit'),
(314, 184, 'visit'),
(314, 185, 'visit'),
(314, 186, 'late'),
(314, 187, 'visit'),
(314, 189, 'late'),
(314, 190, 'visit'),
(314, 191, 'visit'),
(314, 192, 'ill'),
(314, 193, 'late'),
(314, 196, 'visit'),
(314, 197, 'visit'),
(314, 200, 'late'),
(314, 203, 'visit'),
(314, 204, 'visit'),
(314, 205, 'visit'),
(314, 239, 'late'),
(314, 248, 'visit'),
(314, 276, 'visit'),
(314, 285, 'late'),
(315, 330, 'visit'),
(315, 331, 'visit'),
(315, 332, 'visit'),
(315, 333, 'visit'),
(315, 334, 'visit'),
(315, 335, 'visit'),
(315, 336, 'visit'),
(315, 337, 'visit'),
(315, 338, 'visit'),
(315, 339, 'visit'),
(315, 340, 'visit'),
(315, 341, 'visit'),
(315, 342, 'visit'),
(315, 343, 'visit'),
(315, 344, 'visit'),
(315, 345, 'visit'),
(315, 347, 'visit'),
(315, 348, 'visit'),
(315, 349, 'visit'),
(315, 350, 'visit'),
(315, 351, 'visit'),
(315, 352, 'visit'),
(315, 353, 'visit'),
(315, 364, 'visit'),
(316, 330, 'visit'),
(316, 331, 'visit'),
(316, 332, 'visit'),
(316, 333, 'visit'),
(316, 334, 'visit'),
(316, 335, 'visit'),
(316, 336, 'visit'),
(316, 337, 'visit'),
(316, 338, 'visit'),
(316, 339, 'visit'),
(316, 340, 'visit'),
(316, 341, 'visit'),
(316, 342, 'visit'),
(316, 343, 'visit'),
(316, 344, 'visit'),
(316, 345, 'visit'),
(316, 347, 'visit'),
(316, 348, 'visit'),
(316, 349, 'visit'),
(316, 350, 'visit'),
(316, 351, 'visit'),
(316, 352, 'visit'),
(316, 353, 'visit'),
(316, 364, 'visit'),
(317, 330, 'visit'),
(317, 331, 'ill'),
(317, 332, 'visit'),
(317, 333, 'visit'),
(317, 334, 'visit'),
(317, 335, 'visit'),
(317, 336, 'visit'),
(317, 337, 'visit'),
(317, 338, 'visit'),
(317, 339, 'visit'),
(317, 340, 'visit'),
(317, 341, 'visit'),
(317, 342, 'visit'),
(317, 343, 'visit'),
(317, 344, 'visit'),
(317, 345, 'visit'),
(317, 347, 'visit'),
(317, 348, 'visit'),
(317, 349, 'visit'),
(317, 350, 'visit'),
(317, 351, 'visit'),
(317, 352, 'visit'),
(317, 364, 'visit'),
(318, 330, 'visit'),
(318, 331, 'visit'),
(318, 332, 'visit'),
(318, 333, 'ill'),
(318, 334, 'ill'),
(318, 335, 'visit'),
(318, 336, 'visit'),
(318, 337, 'ill'),
(318, 338, 'visit'),
(318, 339, 'visit'),
(318, 340, 'visit'),
(318, 341, 'ill'),
(318, 342, 'visit'),
(318, 343, 'visit'),
(318, 344, 'visit'),
(318, 345, 'ill'),
(318, 347, 'visit'),
(318, 348, 'visit'),
(318, 349, 'visit'),
(318, 350, 'visit'),
(318, 351, 'visit'),
(318, 352, 'visit'),
(318, 353, 'late'),
(318, 364, 'visit'),
(319, 330, 'visit'),
(319, 331, 'visit'),
(319, 332, 'visit'),
(319, 333, 'visit'),
(319, 334, 'ill'),
(319, 335, 'visit'),
(319, 336, 'visit'),
(319, 337, 'visit'),
(319, 338, 'visit'),
(319, 339, 'visit'),
(319, 340, 'visit'),
(319, 341, 'visit'),
(319, 342, 'visit'),
(319, 343, 'visit'),
(319, 344, 'visit'),
(319, 345, 'visit'),
(319, 347, 'visit'),
(319, 348, 'visit'),
(319, 349, 'visit'),
(319, 350, 'visit'),
(319, 351, 'visit'),
(319, 352, 'visit'),
(319, 364, 'visit'),
(320, 330, 'visit'),
(320, 332, 'late'),
(320, 333, 'visit'),
(320, 334, 'visit'),
(320, 335, 'visit'),
(320, 336, 'visit'),
(320, 337, 'visit'),
(320, 338, 'visit'),
(320, 339, 'visit'),
(320, 340, 'visit'),
(320, 341, 'visit'),
(320, 342, 'visit'),
(320, 343, 'visit'),
(320, 344, 'late'),
(320, 345, 'visit'),
(320, 347, 'visit'),
(320, 348, 'visit'),
(320, 349, 'visit'),
(320, 350, 'late'),
(320, 351, 'visit'),
(320, 352, 'visit'),
(320, 364, 'visit'),
(321, 330, 'visit'),
(321, 332, 'visit'),
(321, 333, 'late'),
(321, 334, 'late'),
(321, 335, 'visit'),
(321, 336, 'visit'),
(321, 337, 'late'),
(321, 338, 'visit'),
(321, 339, 'late'),
(321, 340, 'visit'),
(321, 341, 'visit'),
(321, 342, 'visit'),
(321, 343, 'late'),
(321, 344, 'late'),
(321, 345, 'visit'),
(321, 347, 'visit'),
(321, 348, 'visit'),
(321, 349, 'visit'),
(321, 351, 'visit'),
(321, 352, 'visit'),
(321, 364, 'visit'),
(322, 330, ''),
(322, 331, 'visit'),
(322, 332, 'visit'),
(322, 333, 'visit'),
(322, 334, 'visit'),
(322, 335, 'visit'),
(322, 336, 'visit'),
(322, 337, 'visit'),
(322, 338, 'visit'),
(322, 339, 'visit'),
(322, 340, 'visit'),
(322, 341, 'visit'),
(322, 342, 'ill'),
(322, 343, 'visit'),
(322, 345, 'visit'),
(322, 347, 'visit'),
(322, 348, 'visit'),
(322, 349, 'visit'),
(322, 350, 'visit'),
(322, 351, 'visit'),
(322, 352, 'visit'),
(322, 364, 'visit'),
(322, 365, 'visit'),
(323, 330, 'visit'),
(323, 332, 'visit'),
(323, 333, 'late'),
(323, 334, 'visit'),
(323, 335, 'late'),
(323, 336, 'visit'),
(323, 337, 'visit'),
(323, 338, 'late'),
(323, 339, 'visit'),
(323, 340, 'late'),
(323, 341, 'visit'),
(323, 342, 'ill'),
(323, 343, 'visit'),
(323, 344, 'visit'),
(323, 345, 'visit'),
(323, 347, 'visit'),
(323, 348, 'visit'),
(323, 349, 'visit'),
(323, 350, 'late'),
(323, 351, 'visit'),
(323, 352, 'late'),
(323, 353, ''),
(323, 364, 'visit'),
(323, 365, 'late'),
(324, 330, 'late'),
(324, 331, 'visit'),
(324, 332, 'visit'),
(324, 333, 'visit'),
(324, 334, 'visit'),
(324, 335, 'visit'),
(324, 336, 'late'),
(324, 337, 'visit'),
(324, 338, 'visit'),
(324, 339, 'visit'),
(324, 340, 'visit'),
(324, 341, 'visit'),
(324, 342, 'visit'),
(324, 343, 'visit'),
(324, 344, 'visit'),
(324, 345, 'visit'),
(324, 347, 'visit'),
(324, 348, 'visit'),
(324, 349, 'visit'),
(324, 350, 'visit'),
(324, 351, 'visit'),
(324, 352, 'visit'),
(324, 364, 'visit'),
(324, 365, 'visit'),
(325, 330, 'visit'),
(325, 331, 'visit'),
(325, 332, 'late'),
(325, 333, 'visit'),
(325, 335, 'visit'),
(325, 337, 'visit'),
(325, 338, 'ill'),
(325, 339, 'visit'),
(325, 340, 'visit'),
(325, 341, 'visit'),
(325, 342, 'ill'),
(325, 343, 'late'),
(325, 344, 'visit'),
(325, 345, 'visit'),
(325, 347, 'visit'),
(325, 348, 'visit'),
(325, 349, 'visit'),
(325, 350, 'late'),
(325, 351, 'visit'),
(325, 352, 'visit'),
(325, 364, 'visit'),
(325, 365, 'ill'),
(326, 330, 'visit'),
(326, 332, 'visit'),
(326, 333, 'visit'),
(326, 334, 'visit'),
(326, 335, 'ill'),
(326, 336, 'visit'),
(326, 337, 'visit'),
(326, 338, 'visit'),
(326, 339, 'visit'),
(326, 340, 'visit'),
(326, 341, 'visit'),
(326, 342, 'visit'),
(326, 343, 'visit'),
(326, 344, 'visit'),
(326, 345, 'visit'),
(326, 347, 'visit'),
(326, 348, 'visit'),
(326, 349, 'visit'),
(326, 350, 'visit'),
(326, 351, 'visit'),
(326, 352, 'visit'),
(326, 364, 'visit'),
(326, 365, 'visit'),
(327, 354, 'visit'),
(327, 356, 'visit'),
(327, 357, 'visit'),
(327, 358, 'visit'),
(327, 359, 'visit'),
(327, 360, 'visit'),
(327, 361, 'visit'),
(327, 363, 'visit'),
(327, 364, 'visit'),
(328, 354, 'visit'),
(328, 356, 'visit'),
(328, 357, 'visit'),
(328, 358, 'visit'),
(328, 359, 'visit'),
(328, 360, 'visit'),
(328, 361, 'visit'),
(328, 363, 'visit'),
(328, 364, 'visit'),
(329, 354, 'visit'),
(329, 356, 'visit'),
(329, 357, 'visit'),
(329, 358, 'visit'),
(329, 359, 'visit'),
(329, 360, 'visit'),
(329, 361, 'visit'),
(329, 363, 'visit'),
(329, 364, 'visit'),
(330, 354, 'visit'),
(330, 356, 'ill'),
(330, 357, 'visit'),
(330, 358, 'visit'),
(330, 359, 'visit'),
(330, 360, 'visit'),
(330, 363, 'visit'),
(330, 364, 'visit'),
(331, 354, 'visit'),
(331, 356, 'visit'),
(331, 357, 'visit'),
(331, 358, 'visit'),
(331, 359, 'visit'),
(331, 360, 'visit'),
(331, 361, 'visit'),
(331, 363, 'visit'),
(332, 354, 'visit'),
(332, 356, 'visit'),
(332, 357, 'visit'),
(332, 358, 'visit'),
(332, 359, 'visit'),
(332, 360, 'late'),
(332, 361, ''),
(332, 363, 'visit'),
(332, 364, 'visit'),
(333, 354, 'visit'),
(333, 356, 'visit'),
(333, 357, 'visit'),
(333, 358, 'visit'),
(333, 359, 'visit'),
(333, 360, 'visit'),
(333, 361, 'late'),
(333, 363, 'visit'),
(334, 354, 'visit'),
(334, 356, 'visit'),
(334, 357, 'visit'),
(334, 358, 'visit'),
(334, 359, 'visit'),
(334, 360, 'visit'),
(334, 361, 'ill'),
(334, 363, 'visit'),
(335, 354, 'visit'),
(335, 356, 'visit'),
(335, 357, ''),
(335, 358, 'visit'),
(335, 359, 'visit'),
(335, 360, ''),
(335, 361, 'visit'),
(335, 363, 'visit'),
(336, 354, 'visit'),
(336, 356, 'visit'),
(336, 357, 'visit'),
(336, 358, 'visit'),
(336, 359, 'visit'),
(336, 360, 'visit'),
(336, 361, 'visit'),
(336, 363, 'visit'),
(337, 354, 'visit'),
(337, 356, 'visit'),
(337, 357, 'late'),
(337, 359, 'late'),
(337, 360, 'visit'),
(337, 361, 'visit'),
(337, 363, 'visit'),
(338, 354, 'visit'),
(338, 356, 'visit'),
(338, 357, 'visit'),
(338, 358, 'visit'),
(338, 359, 'visit'),
(338, 360, 'visit'),
(338, 361, 'visit'),
(338, 363, 'visit'),
(339, 333, 'ill'),
(339, 334, 'visit'),
(339, 336, 'visit'),
(339, 337, 'visit'),
(339, 338, 'visit'),
(339, 339, 'visit'),
(339, 340, 'visit'),
(339, 341, 'visit'),
(339, 342, 'visit'),
(339, 343, 'visit'),
(339, 344, 'visit'),
(339, 345, 'visit'),
(339, 347, 'visit'),
(339, 348, 'ill'),
(339, 351, 'visit'),
(339, 352, 'visit'),
(339, 364, 'visit'),
(340, 354, 'visit'),
(340, 357, 'visit'),
(340, 358, 'visit'),
(340, 359, 'late'),
(340, 361, 'visit'),
(340, 363, 'visit'),
(340, 364, 'visit'),
(341, 330, 'visit'),
(341, 332, 'visit'),
(341, 333, ''),
(341, 335, 'visit'),
(341, 336, 'visit'),
(341, 337, 'visit'),
(341, 338, 'visit'),
(341, 339, 'ill'),
(341, 340, 'visit'),
(341, 341, 'visit'),
(341, 342, 'visit'),
(341, 343, 'visit'),
(341, 345, 'visit'),
(341, 347, 'visit'),
(341, 348, 'visit'),
(341, 349, 'ill'),
(341, 350, 'late'),
(341, 351, 'visit'),
(341, 352, 'visit'),
(341, 364, 'visit'),
(342, 354, 'visit'),
(342, 356, 'visit'),
(342, 357, ''),
(342, 358, 'visit'),
(342, 359, 'visit'),
(342, 360, 'ill'),
(342, 361, 'visit'),
(342, 363, 'visit'),
(343, 330, 'visit'),
(343, 332, 'ill'),
(343, 334, 'visit'),
(343, 335, 'visit'),
(343, 336, 'visit'),
(343, 337, 'visit'),
(343, 338, 'visit'),
(343, 339, 'ill'),
(343, 340, 'visit'),
(343, 341, 'late'),
(343, 342, 'visit'),
(343, 343, 'late'),
(343, 345, 'visit'),
(343, 347, 'visit'),
(343, 348, 'visit'),
(343, 349, 'visit'),
(343, 350, 'ill'),
(343, 351, 'visit'),
(343, 352, 'visit'),
(343, 364, 'visit'),
(343, 365, 'ill'),
(344, 354, 'visit'),
(344, 356, ''),
(344, 357, ''),
(344, 358, 'visit'),
(344, 359, 'visit'),
(344, 360, ''),
(344, 361, 'visit'),
(344, 363, 'visit'),
(345, 332, 'visit'),
(345, 339, 'ill'),
(345, 340, 'visit'),
(345, 341, 'visit'),
(345, 342, 'visit'),
(345, 343, 'visit'),
(345, 345, 'visit'),
(345, 347, 'visit'),
(345, 348, 'visit'),
(345, 349, ''),
(345, 351, 'visit'),
(345, 364, 'visit'),
(346, 354, 'visit'),
(346, 358, 'visit'),
(346, 359, 'visit'),
(346, 360, 'visit'),
(346, 361, 'visit'),
(347, 330, ''),
(347, 332, 'visit'),
(347, 333, 'visit'),
(347, 334, 'visit'),
(347, 335, 'visit'),
(347, 336, ''),
(347, 337, 'visit'),
(347, 338, 'visit'),
(347, 339, 'visit'),
(347, 340, 'visit'),
(347, 341, 'visit'),
(347, 343, 'late'),
(347, 344, 'late'),
(347, 345, 'ill'),
(347, 347, 'visit'),
(347, 348, 'visit'),
(347, 349, 'visit'),
(347, 350, ''),
(347, 351, 'visit'),
(347, 352, 'visit'),
(347, 364, 'visit'),
(347, 365, 'visit'),
(348, 330, 'visit'),
(348, 331, 'visit'),
(348, 332, 'visit'),
(348, 334, 'ill'),
(348, 335, 'visit'),
(348, 337, 'visit'),
(348, 338, 'visit'),
(348, 339, 'visit'),
(348, 340, 'visit'),
(348, 341, 'visit'),
(348, 342, 'visit'),
(348, 343, 'visit'),
(348, 345, 'visit'),
(348, 347, 'visit'),
(348, 348, 'visit'),
(348, 349, 'visit'),
(348, 350, 'visit'),
(348, 351, 'visit'),
(348, 352, 'visit'),
(348, 364, 'visit'),
(348, 365, 'visit'),
(349, 330, 'ill'),
(349, 331, 'late'),
(349, 332, 'visit'),
(349, 333, 'late'),
(349, 334, 'visit'),
(349, 335, 'visit'),
(349, 336, 'visit'),
(349, 337, 'ill'),
(349, 338, 'late'),
(349, 339, 'visit'),
(349, 340, 'visit'),
(349, 341, 'visit'),
(349, 342, 'ill'),
(349, 343, 'ill'),
(349, 344, 'ill'),
(349, 345, 'visit'),
(349, 347, 'visit'),
(349, 348, 'visit'),
(349, 349, 'late'),
(349, 350, 'ill'),
(349, 351, 'visit'),
(349, 352, 'late'),
(349, 364, 'late'),
(350, 330, 'visit'),
(350, 331, 'visit'),
(350, 332, 'ill'),
(350, 333, 'visit'),
(350, 334, 'visit'),
(350, 335, 'visit'),
(350, 336, 'visit'),
(350, 337, 'visit'),
(350, 339, 'ill'),
(350, 340, 'visit'),
(350, 341, 'visit'),
(350, 342, 'visit'),
(350, 343, 'visit'),
(350, 344, 'visit'),
(350, 345, 'visit'),
(350, 347, 'visit'),
(350, 348, 'visit'),
(350, 349, 'visit'),
(350, 350, 'visit'),
(350, 351, 'visit'),
(350, 352, 'visit'),
(350, 364, 'visit'),
(350, 365, 'ill'),
(351, 330, 'visit'),
(351, 331, 'late'),
(351, 332, 'late'),
(351, 333, 'visit'),
(351, 334, 'visit'),
(351, 335, 'visit'),
(351, 336, 'visit'),
(351, 337, 'visit'),
(351, 338, 'visit'),
(351, 339, 'visit'),
(351, 340, 'visit'),
(351, 341, 'visit'),
(351, 342, 'visit'),
(351, 343, 'visit'),
(351, 344, 'late'),
(351, 345, 'visit'),
(351, 347, 'visit'),
(351, 348, 'visit'),
(351, 349, 'late'),
(351, 350, 'visit'),
(351, 351, 'visit'),
(351, 352, 'visit'),
(351, 353, ''),
(351, 364, 'late'),
(351, 365, 'visit'),
(352, 354, 'visit'),
(352, 356, 'visit'),
(352, 358, 'visit'),
(352, 359, 'late'),
(352, 360, 'ill'),
(352, 361, 'visit'),
(352, 363, 'visit'),
(353, 354, 'visit'),
(353, 356, 'visit'),
(353, 357, 'visit'),
(353, 358, 'visit'),
(353, 359, 'visit'),
(353, 360, 'visit'),
(353, 361, 'late'),
(353, 363, 'visit'),
(354, 354, 'visit'),
(354, 356, 'ill'),
(354, 357, 'visit'),
(354, 358, 'visit'),
(354, 359, 'visit'),
(354, 360, 'ill'),
(354, 361, 'late'),
(354, 363, 'visit'),
(355, 354, 'visit'),
(355, 356, 'late'),
(355, 357, 'visit'),
(355, 358, 'visit'),
(355, 359, 'visit'),
(355, 360, 'visit'),
(355, 363, 'visit'),
(356, 354, 'visit'),
(356, 356, 'visit'),
(356, 357, 'visit'),
(356, 358, 'visit'),
(356, 359, 'visit'),
(356, 360, 'late'),
(356, 361, 'late'),
(356, 363, 'visit'),
(357, 330, 'visit'),
(357, 332, 'visit'),
(357, 333, 'visit'),
(357, 334, 'visit'),
(357, 336, 'visit'),
(357, 337, 'visit'),
(357, 338, 'visit'),
(357, 339, 'visit'),
(357, 340, 'visit'),
(357, 341, 'visit'),
(357, 342, 'ill'),
(357, 343, 'visit'),
(357, 344, 'ill'),
(357, 345, 'visit'),
(357, 347, 'visit'),
(357, 348, 'visit'),
(357, 349, 'visit'),
(357, 350, 'visit'),
(357, 351, 'visit'),
(357, 352, 'visit'),
(357, 364, 'visit'),
(357, 365, 'ill'),
(358, 354, 'visit'),
(358, 356, 'ill'),
(358, 357, 'ill'),
(358, 358, 'visit'),
(358, 359, 'visit'),
(358, 360, ''),
(358, 361, 'visit'),
(358, 363, 'visit'),
(359, 336, 'visit'),
(359, 340, 'visit'),
(359, 348, 'visit'),
(359, 351, 'visit'),
(360, 358, 'visit'),
(360, 361, 'visit'),
(360, 363, 'visit'),
(365, 330, 'visit'),
(365, 331, 'visit'),
(365, 332, 'visit'),
(365, 333, 'visit'),
(365, 334, 'ill'),
(365, 335, 'visit'),
(365, 336, 'late'),
(365, 337, 'visit'),
(365, 338, 'visit'),
(365, 339, 'visit'),
(365, 340, 'visit'),
(365, 341, 'visit'),
(365, 342, 'visit'),
(365, 343, 'visit'),
(365, 344, 'visit'),
(365, 345, 'visit'),
(365, 347, 'visit'),
(365, 348, 'visit'),
(365, 349, 'visit'),
(365, 350, 'visit'),
(365, 351, 'visit'),
(365, 352, 'visit'),
(365, 364, 'visit'),
(365, 365, 'visit'),
(366, 330, 'late'),
(366, 331, 'ill'),
(366, 333, 'visit'),
(366, 335, 'visit'),
(366, 336, 'visit'),
(366, 338, 'visit'),
(366, 340, 'visit'),
(366, 341, 'late'),
(366, 342, 'late'),
(366, 344, 'visit'),
(366, 345, 'visit'),
(366, 348, 'late'),
(366, 349, 'visit'),
(366, 350, 'visit'),
(366, 351, 'visit'),
(366, 352, 'visit'),
(366, 365, 'visit'),
(367, 330, 'visit'),
(367, 331, 'visit'),
(367, 332, 'ill'),
(367, 333, 'late'),
(367, 334, 'visit'),
(367, 335, 'visit'),
(367, 336, 'visit'),
(367, 337, 'visit'),
(367, 338, 'visit'),
(367, 339, 'visit'),
(367, 340, 'visit'),
(367, 341, 'visit'),
(367, 342, 'visit'),
(367, 343, 'visit'),
(367, 344, 'visit'),
(367, 345, 'ill'),
(367, 347, 'visit'),
(367, 348, 'visit'),
(367, 349, 'visit'),
(367, 350, 'visit'),
(367, 351, 'visit'),
(367, 352, 'visit'),
(367, 364, 'visit'),
(368, 330, ''),
(368, 331, ''),
(368, 332, ''),
(368, 333, ''),
(368, 334, ''),
(368, 336, ''),
(368, 337, ''),
(368, 338, ''),
(368, 340, ''),
(368, 341, ''),
(368, 342, ''),
(368, 343, ''),
(368, 344, ''),
(368, 347, ''),
(368, 348, ''),
(368, 349, ''),
(368, 350, ''),
(368, 351, ''),
(368, 352, ''),
(368, 364, ''),
(369, 354, 'visit'),
(369, 356, 'visit'),
(369, 357, 'visit'),
(369, 358, 'late'),
(369, 359, 'visit'),
(369, 360, 'visit'),
(369, 361, 'late'),
(369, 363, 'visit'),
(370, 354, 'ill'),
(370, 356, 'visit'),
(370, 358, 'visit'),
(370, 360, 'ill'),
(370, 361, 'visit'),
(371, 354, 'visit'),
(371, 356, 'visit'),
(371, 357, 'visit'),
(371, 358, 'visit'),
(371, 359, 'visit'),
(371, 360, 'visit'),
(371, 361, 'visit'),
(371, 363, 'ill'),
(372, 354, ''),
(372, 356, ''),
(372, 357, ''),
(372, 358, ''),
(372, 359, ''),
(372, 360, ''),
(372, 361, ''),
(372, 363, ''),
(373, 330, 'visit'),
(373, 331, 'visit'),
(373, 332, 'visit'),
(373, 333, 'visit'),
(373, 334, 'visit'),
(373, 336, 'visit'),
(373, 337, 'visit'),
(373, 338, 'visit'),
(373, 340, 'visit'),
(373, 341, 'visit'),
(373, 342, 'ill'),
(373, 343, 'visit'),
(373, 344, 'visit'),
(373, 347, 'visit'),
(373, 348, 'visit'),
(373, 349, 'visit'),
(373, 350, 'visit'),
(373, 351, 'visit'),
(373, 352, 'visit'),
(373, 364, 'visit'),
(374, 330, 'visit'),
(374, 332, 'visit'),
(374, 333, 'ill'),
(374, 335, 'late'),
(374, 336, 'ill'),
(374, 337, 'visit'),
(374, 338, 'visit'),
(374, 340, 'visit'),
(374, 341, 'visit'),
(374, 344, 'visit'),
(374, 345, 'visit'),
(374, 348, 'visit'),
(374, 349, 'visit'),
(374, 350, 'visit'),
(374, 351, 'visit'),
(374, 352, 'visit'),
(374, 365, 'late'),
(375, 330, 'visit'),
(375, 331, 'visit'),
(375, 332, 'visit'),
(375, 333, 'visit'),
(375, 334, 'visit'),
(375, 335, 'visit'),
(375, 336, 'visit'),
(375, 337, 'visit'),
(375, 338, 'visit'),
(375, 339, 'visit'),
(375, 340, 'visit'),
(375, 341, 'visit'),
(375, 342, 'ill'),
(375, 343, 'visit'),
(375, 344, 'visit'),
(375, 345, 'visit'),
(375, 347, 'late'),
(375, 348, 'visit'),
(375, 349, 'visit'),
(375, 350, 'visit'),
(375, 351, 'visit'),
(375, 352, 'visit'),
(375, 364, 'visit'),
(375, 365, 'visit'),
(376, 354, 'visit'),
(376, 356, 'visit'),
(376, 357, 'visit'),
(376, 358, 'visit'),
(376, 359, 'visit'),
(376, 360, 'visit'),
(376, 361, 'visit'),
(376, 363, 'visit'),
(377, 354, 'late'),
(377, 357, 'visit'),
(377, 358, 'visit'),
(378, 354, 'visit'),
(378, 356, 'visit'),
(378, 357, 'visit'),
(378, 358, 'late'),
(378, 359, 'visit'),
(378, 360, 'visit'),
(378, 363, 'visit'),
(379, 330, 'visit'),
(379, 331, 'visit'),
(379, 332, 'visit'),
(379, 333, 'visit'),
(379, 334, 'visit'),
(379, 335, 'visit'),
(379, 336, 'visit'),
(379, 337, 'visit'),
(379, 338, 'visit'),
(379, 339, 'visit'),
(379, 340, 'visit'),
(379, 341, 'visit'),
(379, 342, 'visit'),
(379, 343, 'visit'),
(379, 344, 'visit'),
(379, 345, 'visit'),
(379, 347, 'visit'),
(379, 348, 'visit'),
(379, 349, 'visit'),
(379, 350, 'visit'),
(379, 351, 'visit'),
(379, 352, 'visit'),
(379, 364, 'visit'),
(379, 365, 'visit'),
(380, 335, 'visit'),
(380, 336, ''),
(380, 338, 'visit'),
(380, 345, 'visit'),
(380, 351, 'visit'),
(382, 330, 'visit'),
(382, 331, 'late'),
(382, 332, 'visit'),
(382, 333, 'late'),
(382, 334, 'visit'),
(382, 335, 'visit'),
(382, 336, 'visit'),
(382, 337, 'late'),
(382, 338, 'visit'),
(382, 339, 'late'),
(382, 340, 'visit'),
(382, 341, 'visit'),
(382, 342, 'late'),
(382, 343, 'ill'),
(382, 344, 'late'),
(382, 345, 'visit'),
(382, 347, 'late'),
(382, 348, 'visit'),
(382, 349, 'visit'),
(382, 350, 'visit'),
(382, 351, 'visit'),
(382, 352, 'visit'),
(382, 364, 'late'),
(382, 365, 'late'),
(383, 354, 'visit'),
(383, 356, 'visit'),
(383, 357, 'visit'),
(383, 358, 'visit'),
(383, 359, 'visit'),
(383, 360, 'visit'),
(383, 361, 'visit'),
(383, 363, 'visit'),
(386, 354, 'late'),
(386, 356, 'late'),
(386, 357, 'late'),
(386, 358, 'visit'),
(386, 359, 'late'),
(386, 360, 'late'),
(386, 361, 'late'),
(386, 363, 'late'),
(387, 330, 'visit'),
(387, 331, 'visit'),
(387, 332, 'visit'),
(387, 333, 'ill'),
(387, 334, 'visit'),
(387, 335, 'visit'),
(387, 336, 'visit'),
(387, 337, 'visit'),
(387, 338, 'visit'),
(387, 339, 'visit'),
(387, 340, 'visit'),
(387, 341, 'visit'),
(387, 342, 'visit'),
(387, 343, 'visit'),
(387, 344, 'visit'),
(387, 345, 'visit'),
(387, 347, 'visit'),
(387, 348, 'visit'),
(387, 349, 'visit'),
(387, 350, 'visit'),
(387, 351, 'visit'),
(387, 352, 'visit'),
(387, 364, 'visit'),
(387, 365, 'visit'),
(388, 330, 'visit'),
(388, 331, 'visit'),
(388, 332, 'visit'),
(388, 333, 'ill'),
(388, 334, 'visit'),
(388, 335, 'visit'),
(388, 336, 'visit'),
(388, 337, 'visit'),
(388, 338, 'visit'),
(388, 339, 'visit'),
(388, 340, 'visit'),
(388, 341, 'visit'),
(388, 342, 'visit'),
(388, 343, 'visit'),
(388, 344, 'visit'),
(388, 345, 'visit'),
(388, 347, 'visit'),
(388, 348, 'visit'),
(388, 349, 'visit'),
(388, 350, 'visit'),
(388, 351, 'visit'),
(388, 352, 'visit'),
(388, 364, 'visit'),
(388, 365, 'visit'),
(389, 354, 'visit'),
(389, 356, 'visit'),
(389, 357, 'visit'),
(389, 358, 'visit'),
(389, 359, 'visit'),
(389, 360, 'visit'),
(389, 361, 'visit'),
(389, 363, 'visit'),
(390, 354, 'visit'),
(390, 356, 'visit'),
(390, 357, 'visit'),
(390, 358, 'visit'),
(390, 359, 'visit'),
(390, 360, 'visit'),
(390, 361, 'visit'),
(390, 363, 'visit'),
(391, 330, 'visit'),
(391, 331, 'visit'),
(391, 332, 'ill'),
(391, 333, 'visit'),
(391, 334, 'visit'),
(391, 335, 'visit'),
(391, 336, 'visit'),
(391, 337, 'visit'),
(391, 338, 'visit'),
(391, 339, 'visit'),
(391, 340, 'ill'),
(391, 341, 'ill'),
(391, 342, 'ill'),
(391, 343, 'visit'),
(391, 344, 'visit'),
(391, 345, 'visit'),
(391, 347, 'visit'),
(391, 348, 'ill'),
(391, 349, 'ill'),
(391, 350, 'ill'),
(391, 351, 'visit'),
(391, 352, 'visit'),
(391, 364, 'visit'),
(391, 365, 'visit'),
(392, 330, 'visit'),
(392, 331, 'visit'),
(392, 332, 'ill'),
(392, 333, 'visit'),
(392, 334, 'visit'),
(392, 335, 'ill'),
(392, 336, 'ill'),
(392, 337, 'visit'),
(392, 338, 'visit'),
(392, 339, 'visit'),
(392, 340, 'ill'),
(392, 341, 'ill'),
(392, 342, 'ill'),
(392, 343, 'visit'),
(392, 344, 'ill'),
(392, 345, 'visit'),
(392, 347, 'visit'),
(392, 348, 'ill'),
(392, 349, 'ill'),
(392, 350, 'ill'),
(392, 351, 'visit'),
(392, 352, 'visit'),
(392, 364, 'visit'),
(392, 365, 'visit'),
(393, 354, 'ill'),
(393, 356, 'visit'),
(393, 357, 'visit'),
(393, 358, 'visit'),
(393, 359, 'visit'),
(393, 360, 'ill'),
(393, 363, 'visit'),
(394, 354, 'ill'),
(394, 356, 'visit'),
(394, 357, 'visit'),
(394, 358, 'visit'),
(394, 359, 'visit'),
(394, 360, 'ill'),
(394, 363, 'visit'),
(395, 330, 'visit'),
(395, 331, 'visit'),
(395, 332, 'visit'),
(395, 333, 'visit'),
(395, 334, 'visit'),
(395, 335, 'visit'),
(395, 336, 'visit'),
(395, 337, 'visit'),
(395, 338, 'visit'),
(395, 339, 'visit'),
(395, 340, 'visit'),
(395, 341, 'visit'),
(395, 342, 'visit'),
(395, 343, 'visit'),
(395, 344, 'visit'),
(395, 345, 'ill'),
(395, 347, 'visit'),
(395, 348, 'visit'),
(395, 349, 'visit'),
(395, 350, 'visit'),
(395, 351, 'visit'),
(395, 352, 'visit'),
(395, 364, 'visit'),
(395, 365, 'visit'),
(396, 330, 'visit'),
(396, 331, 'visit'),
(396, 332, 'visit'),
(396, 333, 'visit'),
(396, 334, 'visit'),
(396, 335, 'visit'),
(396, 336, 'visit'),
(396, 337, 'visit'),
(396, 338, 'visit'),
(396, 339, 'visit'),
(396, 340, 'visit'),
(396, 341, 'visit'),
(396, 342, 'visit'),
(396, 343, 'visit'),
(396, 344, 'visit'),
(396, 345, 'ill'),
(396, 347, 'visit'),
(396, 348, 'visit'),
(396, 349, 'visit'),
(396, 350, 'visit'),
(396, 351, 'visit'),
(396, 352, 'visit'),
(396, 364, 'visit'),
(396, 365, 'visit'),
(397, 354, 'visit'),
(397, 356, 'visit'),
(397, 357, 'visit'),
(397, 358, 'visit'),
(397, 359, 'visit'),
(397, 360, 'visit'),
(397, 361, 'visit'),
(397, 363, 'visit'),
(398, 354, 'visit'),
(398, 356, 'visit'),
(398, 357, 'visit'),
(398, 358, 'visit'),
(398, 359, 'visit'),
(398, 360, 'visit'),
(398, 361, 'visit'),
(398, 363, 'visit'),
(399, 330, 'visit'),
(399, 331, 'visit'),
(399, 332, 'visit'),
(399, 333, 'visit'),
(399, 334, 'visit'),
(399, 335, 'visit'),
(399, 336, 'visit'),
(399, 337, 'visit'),
(399, 338, 'visit'),
(399, 339, 'visit'),
(399, 340, 'visit'),
(399, 341, 'visit'),
(399, 342, 'late'),
(399, 343, 'late'),
(399, 344, 'visit'),
(399, 345, 'visit'),
(399, 347, 'visit'),
(399, 348, 'visit'),
(399, 349, 'visit'),
(399, 350, 'visit'),
(399, 351, 'visit'),
(399, 352, 'visit'),
(399, 364, 'visit'),
(399, 365, 'visit'),
(400, 330, 'visit'),
(400, 331, 'visit'),
(400, 332, 'visit'),
(400, 333, 'visit'),
(400, 334, 'visit'),
(400, 335, 'visit'),
(400, 336, 'visit'),
(400, 337, 'visit'),
(400, 338, 'visit'),
(400, 339, 'visit'),
(400, 340, 'visit'),
(400, 341, 'visit'),
(400, 342, 'visit'),
(400, 343, 'visit'),
(400, 344, 'visit'),
(400, 345, 'visit'),
(400, 347, 'visit'),
(400, 348, 'visit'),
(400, 349, 'visit'),
(400, 350, 'visit'),
(400, 351, 'visit'),
(400, 352, 'visit'),
(400, 364, 'visit'),
(400, 365, 'visit'),
(401, 354, 'visit'),
(401, 356, 'visit'),
(401, 357, 'visit'),
(401, 358, 'visit'),
(401, 359, 'visit'),
(401, 360, 'visit'),
(401, 361, 'visit'),
(402, 354, 'visit'),
(402, 356, 'visit'),
(402, 357, 'visit'),
(402, 358, 'visit'),
(402, 359, 'visit'),
(402, 360, 'visit'),
(402, 361, 'visit'),
(403, 331, 'visit'),
(403, 332, 'visit'),
(403, 334, 'visit'),
(403, 335, 'visit'),
(403, 337, 'visit'),
(403, 338, 'visit'),
(403, 339, 'visit'),
(403, 340, 'visit'),
(403, 341, 'visit'),
(403, 342, 'visit'),
(403, 343, 'visit'),
(403, 344, 'visit'),
(403, 345, 'visit'),
(403, 347, 'visit'),
(403, 348, 'visit'),
(403, 349, 'visit'),
(403, 351, 'visit'),
(403, 352, 'visit'),
(403, 364, 'visit'),
(404, 331, 'visit'),
(404, 332, 'visit'),
(404, 334, 'visit'),
(404, 335, 'visit'),
(404, 337, 'visit'),
(404, 338, 'visit'),
(404, 339, 'visit'),
(404, 340, 'visit'),
(404, 341, 'visit'),
(404, 342, 'visit'),
(404, 343, 'visit'),
(404, 344, 'visit'),
(404, 345, 'visit'),
(404, 347, 'visit'),
(404, 348, 'visit'),
(404, 349, 'visit'),
(404, 351, 'visit'),
(404, 352, 'visit'),
(404, 364, 'visit'),
(405, 354, 'visit'),
(405, 357, 'visit'),
(405, 358, 'visit'),
(405, 359, 'visit'),
(405, 360, 'visit'),
(405, 361, 'visit'),
(405, 363, 'visit'),
(406, 354, 'visit'),
(406, 357, 'visit'),
(406, 358, 'visit'),
(406, 359, 'visit'),
(406, 360, 'visit'),
(406, 363, 'visit'),
(407, 330, 'visit'),
(407, 331, 'visit'),
(407, 332, 'visit'),
(407, 333, 'visit'),
(407, 334, 'visit'),
(407, 335, 'visit'),
(407, 336, 'visit'),
(407, 337, 'visit'),
(407, 338, 'visit'),
(407, 339, 'visit'),
(407, 340, 'visit'),
(407, 341, 'visit'),
(407, 342, ''),
(407, 343, 'visit'),
(407, 344, 'visit'),
(407, 345, 'visit'),
(407, 347, 'visit'),
(407, 348, 'visit'),
(407, 349, 'visit'),
(407, 351, 'visit'),
(407, 352, 'visit'),
(407, 364, 'visit'),
(408, 330, 'visit'),
(408, 331, 'visit'),
(408, 332, 'visit'),
(408, 333, 'visit'),
(408, 334, 'visit'),
(408, 335, 'visit'),
(408, 336, 'visit'),
(408, 337, 'visit'),
(408, 338, 'visit'),
(408, 339, 'visit'),
(408, 340, 'visit'),
(408, 341, 'visit'),
(408, 343, 'visit'),
(408, 344, 'visit'),
(408, 347, 'visit'),
(408, 348, 'visit'),
(408, 349, 'visit'),
(408, 351, 'visit'),
(408, 352, 'visit'),
(408, 364, 'visit'),
(409, 354, 'visit'),
(409, 356, 'visit'),
(409, 357, 'visit'),
(409, 358, 'visit'),
(409, 359, 'visit'),
(409, 360, 'visit'),
(409, 361, 'visit'),
(409, 363, 'visit'),
(410, 354, 'visit'),
(410, 356, 'visit'),
(410, 357, 'visit'),
(410, 358, 'visit'),
(410, 359, 'visit'),
(410, 360, 'visit'),
(410, 363, 'visit'),
(411, 330, 'visit'),
(411, 331, 'visit'),
(411, 332, 'visit'),
(411, 333, 'visit'),
(411, 334, 'visit'),
(411, 335, 'visit'),
(411, 337, 'visit'),
(411, 338, 'visit'),
(411, 339, 'visit'),
(411, 340, 'visit'),
(411, 342, 'visit'),
(411, 343, 'visit'),
(411, 344, 'ill'),
(411, 345, 'visit'),
(411, 347, 'visit'),
(411, 348, 'visit'),
(411, 349, 'visit'),
(411, 350, 'visit'),
(411, 351, 'visit'),
(411, 352, 'visit'),
(411, 364, 'visit'),
(411, 365, 'ill'),
(412, 330, 'visit'),
(412, 331, 'visit'),
(412, 332, 'late'),
(412, 333, 'visit'),
(412, 334, 'visit'),
(412, 335, 'late'),
(412, 337, 'visit'),
(412, 338, 'late'),
(412, 339, 'visit'),
(412, 340, 'visit'),
(412, 342, 'visit'),
(412, 343, 'visit'),
(412, 344, 'ill'),
(412, 345, 'late'),
(412, 347, 'visit'),
(412, 348, 'visit'),
(412, 349, 'visit'),
(412, 350, 'visit'),
(412, 351, 'visit'),
(412, 352, 'visit'),
(412, 364, 'visit'),
(412, 365, 'ill'),
(413, 354, 'visit'),
(413, 356, 'visit'),
(413, 357, 'visit'),
(413, 358, 'visit'),
(413, 359, 'visit'),
(413, 360, 'visit'),
(413, 361, 'visit'),
(413, 363, 'visit'),
(414, 354, 'visit'),
(414, 356, 'visit'),
(414, 357, 'visit'),
(414, 358, 'visit'),
(414, 359, 'visit'),
(414, 360, 'visit'),
(414, 361, 'visit'),
(414, 363, 'visit'),
(415, 330, 'visit'),
(415, 331, 'visit'),
(415, 332, 'visit'),
(415, 333, 'visit'),
(415, 334, 'visit'),
(415, 335, 'visit'),
(415, 336, 'visit'),
(415, 337, 'visit'),
(415, 338, 'visit'),
(415, 339, 'ill'),
(415, 340, 'visit'),
(415, 341, 'visit'),
(415, 342, 'visit'),
(415, 343, 'visit'),
(415, 344, 'visit'),
(415, 345, 'visit'),
(415, 347, 'visit'),
(415, 348, 'visit'),
(415, 349, 'visit'),
(415, 350, 'visit'),
(415, 351, 'visit'),
(415, 352, 'visit'),
(415, 364, 'visit'),
(416, 330, 'visit'),
(416, 331, 'visit'),
(416, 332, 'visit'),
(416, 333, 'visit'),
(416, 334, 'visit'),
(416, 335, 'visit'),
(416, 336, 'visit'),
(416, 337, 'visit'),
(416, 338, 'visit'),
(416, 339, 'ill'),
(416, 340, 'visit'),
(416, 341, 'visit'),
(416, 342, 'visit'),
(416, 343, 'visit'),
(416, 344, 'visit'),
(416, 345, 'visit'),
(416, 347, 'visit'),
(416, 348, 'visit'),
(416, 349, 'visit'),
(416, 350, 'visit'),
(416, 351, 'visit'),
(416, 352, 'visit'),
(416, 364, 'visit'),
(417, 354, 'visit'),
(417, 356, 'visit'),
(417, 357, 'visit'),
(417, 358, 'visit'),
(417, 359, 'visit'),
(417, 360, 'visit'),
(417, 363, 'visit'),
(418, 354, 'visit'),
(418, 356, 'visit'),
(418, 357, 'visit'),
(418, 358, 'visit'),
(418, 359, 'visit'),
(418, 360, 'visit'),
(418, 363, 'visit'),
(419, 331, 'visit'),
(419, 332, 'visit'),
(419, 334, 'visit'),
(419, 335, 'visit'),
(419, 336, 'late'),
(419, 337, 'visit'),
(419, 338, 'visit'),
(419, 339, ''),
(419, 340, 'visit'),
(419, 341, 'visit'),
(419, 342, 'visit'),
(419, 343, 'visit'),
(419, 344, 'visit'),
(419, 345, 'visit'),
(419, 347, 'late'),
(419, 348, 'visit'),
(419, 349, 'late'),
(419, 350, 'visit'),
(419, 351, 'visit'),
(419, 352, 'visit'),
(419, 364, 'visit'),
(419, 365, 'ill'),
(421, 354, 'visit'),
(421, 356, 'visit'),
(421, 357, 'visit'),
(421, 358, 'late'),
(421, 359, 'visit'),
(421, 360, 'visit'),
(421, 361, 'late'),
(421, 363, 'visit'),
(423, 331, 'visit'),
(423, 332, 'visit'),
(423, 334, 'visit'),
(423, 335, 'visit'),
(423, 337, 'visit'),
(423, 338, 'visit'),
(423, 339, 'visit'),
(423, 340, 'visit'),
(423, 342, 'visit'),
(423, 343, 'visit'),
(423, 345, 'visit'),
(423, 348, 'visit'),
(423, 349, 'visit'),
(423, 350, 'visit'),
(423, 351, 'visit'),
(423, 352, 'visit'),
(423, 364, 'visit'),
(425, 354, 'visit'),
(425, 357, 'visit'),
(425, 358, 'visit'),
(425, 359, 'visit'),
(425, 363, 'visit'),
(427, 330, 'visit'),
(427, 331, 'visit'),
(427, 332, 'late'),
(427, 333, 'visit'),
(427, 334, 'visit'),
(427, 335, 'visit'),
(427, 336, 'visit'),
(427, 337, 'visit'),
(427, 338, 'late'),
(427, 339, 'visit'),
(427, 340, 'visit'),
(427, 341, 'visit'),
(427, 342, 'visit'),
(427, 343, 'visit'),
(427, 344, 'visit'),
(427, 345, 'late'),
(427, 347, 'visit'),
(427, 348, 'visit'),
(427, 349, 'visit'),
(427, 350, 'visit'),
(427, 351, 'visit'),
(427, 352, 'visit'),
(427, 364, 'visit'),
(429, 354, 'visit'),
(429, 357, 'late'),
(429, 358, 'visit'),
(429, 359, 'visit'),
(429, 360, 'visit'),
(429, 361, 'visit'),
(429, 363, 'visit'),
(431, 330, 'visit'),
(431, 331, 'visit'),
(431, 333, 'visit'),
(431, 334, 'ill'),
(431, 335, 'visit'),
(431, 337, 'visit'),
(431, 338, 'visit'),
(431, 339, 'visit'),
(431, 340, 'visit'),
(431, 341, 'visit'),
(431, 342, 'visit'),
(431, 343, 'visit'),
(431, 344, 'visit'),
(431, 347, 'visit'),
(431, 348, 'visit'),
(431, 349, 'visit'),
(431, 350, ''),
(431, 351, 'visit'),
(431, 352, 'visit'),
(431, 364, 'visit'),
(431, 365, 'visit'),
(433, 354, 'visit'),
(433, 356, 'visit'),
(433, 357, 'visit'),
(433, 358, 'visit'),
(433, 359, 'visit'),
(433, 360, 'visit'),
(433, 361, 'ill'),
(433, 363, 'visit'),
(435, 331, 'visit'),
(435, 332, 'visit'),
(435, 333, 'visit'),
(435, 335, 'visit'),
(435, 337, 'visit'),
(435, 338, 'visit'),
(435, 339, 'visit'),
(435, 340, 'visit'),
(435, 341, 'visit'),
(435, 342, 'visit'),
(435, 343, 'visit'),
(435, 344, 'visit'),
(435, 345, 'visit'),
(435, 347, 'visit'),
(435, 348, 'visit'),
(435, 349, 'visit'),
(435, 350, 'visit'),
(435, 351, 'visit'),
(435, 352, 'visit'),
(435, 364, 'visit'),
(437, 354, 'visit'),
(437, 356, 'visit'),
(437, 357, 'visit'),
(437, 358, 'visit'),
(437, 359, 'visit'),
(437, 360, 'visit'),
(437, 361, 'visit'),
(439, 330, 'visit'),
(439, 331, 'visit'),
(439, 332, 'visit'),
(439, 333, 'visit'),
(439, 336, 'visit'),
(439, 337, 'visit'),
(439, 338, 'visit'),
(439, 339, 'visit'),
(439, 340, 'visit'),
(439, 341, 'visit'),
(439, 343, 'visit'),
(439, 344, 'visit'),
(439, 345, 'visit'),
(439, 347, 'visit'),
(439, 348, 'visit'),
(439, 349, 'visit'),
(439, 350, 'visit'),
(439, 351, 'visit'),
(439, 352, 'visit'),
(439, 364, 'visit'),
(441, 354, 'visit'),
(441, 357, 'visit'),
(441, 358, 'visit'),
(441, 359, 'visit'),
(441, 360, 'visit'),
(441, 361, 'ill'),
(441, 363, 'visit'),
(443, 331, 'visit'),
(443, 332, 'visit'),
(443, 333, 'visit'),
(443, 334, 'visit'),
(443, 335, 'visit'),
(443, 336, 'visit'),
(443, 337, 'visit'),
(443, 338, 'visit'),
(443, 339, 'visit'),
(443, 340, 'visit'),
(443, 341, 'visit'),
(443, 342, 'visit'),
(443, 343, 'visit'),
(443, 344, 'visit'),
(443, 345, 'visit'),
(443, 347, 'visit'),
(443, 348, 'ill'),
(443, 349, 'visit'),
(443, 350, 'visit'),
(443, 351, 'visit'),
(443, 352, 'visit'),
(443, 364, 'visit'),
(445, 354, 'visit'),
(445, 356, 'visit'),
(445, 357, 'visit'),
(445, 358, 'visit'),
(445, 359, 'visit'),
(445, 360, 'visit'),
(445, 361, 'ill'),
(445, 363, 'visit');

--
-- Индексы сохранённых таблиц
--

--
-- Индексы таблицы `about`
--
ALTER TABLE `about`
  ADD PRIMARY KEY (`id`);

--
-- Индексы таблицы `class`
--
ALTER TABLE `class`
  ADD PRIMARY KEY (`id`);

--
-- Индексы таблицы `discipline`
--
ALTER TABLE `discipline`
  ADD PRIMARY KEY (`id`);

--
-- Индексы таблицы `doc`
--
ALTER TABLE `doc`
  ADD PRIMARY KEY (`id`);

--
-- Индексы таблицы `doc_detail`
--
ALTER TABLE `doc_detail`
  ADD PRIMARY KEY (`id`);

--
-- Индексы таблицы `groups`
--
ALTER TABLE `groups`
  ADD PRIMARY KEY (`id`),
  ADD KEY `role_id` (`role_id`);

--
-- Индексы таблицы `institut`
--
ALTER TABLE `institut`
  ADD PRIMARY KEY (`id`);

--
-- Индексы таблицы `lesson`
--
ALTER TABLE `lesson`
  ADD PRIMARY KEY (`id`);

--
-- Индексы таблицы `library`
--
ALTER TABLE `library`
  ADD PRIMARY KEY (`id`);

--
-- Индексы таблицы `page`
--
ALTER TABLE `page`
  ADD PRIMARY KEY (`id`);

--
-- Индексы таблицы `reply`
--
ALTER TABLE `reply`
  ADD PRIMARY KEY (`id`);

--
-- Индексы таблицы `role`
--
ALTER TABLE `role`
  ADD PRIMARY KEY (`id`);

--
-- Индексы таблицы `studies`
--
ALTER TABLE `studies`
  ADD PRIMARY KEY (`group_id`,`discipline_id`);

--
-- Индексы таблицы `thread`
--
ALTER TABLE `thread`
  ADD PRIMARY KEY (`id`),
  ADD KEY `thread_ibfk_2` (`solution_reply_id`),
  ADD KEY `thread_ibfk_3` (`author_id`);

--
-- Индексы таблицы `topic`
--
ALTER TABLE `topic`
  ADD PRIMARY KEY (`id`);

--
-- Индексы таблицы `user`
--
ALTER TABLE `user`
  ADD PRIMARY KEY (`id`),
  ADD KEY `group_id` (`group_id`);

--
-- Индексы таблицы `visit`
--
ALTER TABLE `visit`
  ADD UNIQUE KEY `class_id` (`class_id`,`student_id`);

--
-- AUTO_INCREMENT для сохранённых таблиц
--

--
-- AUTO_INCREMENT для таблицы `about`
--
ALTER TABLE `about`
  MODIFY `id` int NOT NULL AUTO_INCREMENT, AUTO_INCREMENT=11;

--
-- AUTO_INCREMENT для таблицы `class`
--
ALTER TABLE `class`
  MODIFY `id` int NOT NULL AUTO_INCREMENT, AUTO_INCREMENT=447;

--
-- AUTO_INCREMENT для таблицы `discipline`
--
ALTER TABLE `discipline`
  MODIFY `id` int NOT NULL AUTO_INCREMENT, AUTO_INCREMENT=9;

--
-- AUTO_INCREMENT для таблицы `doc`
--
ALTER TABLE `doc`
  MODIFY `id` int NOT NULL AUTO_INCREMENT, AUTO_INCREMENT=3;

--
-- AUTO_INCREMENT для таблицы `doc_detail`
--
ALTER TABLE `doc_detail`
  MODIFY `id` int NOT NULL AUTO_INCREMENT, AUTO_INCREMENT=3;

--
-- AUTO_INCREMENT для таблицы `groups`
--
ALTER TABLE `groups`
  MODIFY `id` int NOT NULL AUTO_INCREMENT, AUTO_INCREMENT=27;

--
-- AUTO_INCREMENT для таблицы `institut`
--
ALTER TABLE `institut`
  MODIFY `id` int NOT NULL AUTO_INCREMENT, AUTO_INCREMENT=2;

--
-- AUTO_INCREMENT для таблицы `lesson`
--
ALTER TABLE `lesson`
  MODIFY `id` int NOT NULL AUTO_INCREMENT, AUTO_INCREMENT=155;

--
-- AUTO_INCREMENT для таблицы `library`
--
ALTER TABLE `library`
  MODIFY `id` int NOT NULL AUTO_INCREMENT, AUTO_INCREMENT=7;

--
-- AUTO_INCREMENT для таблицы `page`
--
ALTER TABLE `page`
  MODIFY `id` int NOT NULL AUTO_INCREMENT, AUTO_INCREMENT=115;

--
-- AUTO_INCREMENT для таблицы `reply`
--
ALTER TABLE `reply`
  MODIFY `id` int NOT NULL AUTO_INCREMENT, AUTO_INCREMENT=72;

--
-- AUTO_INCREMENT для таблицы `role`
--
ALTER TABLE `role`
  MODIFY `id` int NOT NULL AUTO_INCREMENT, AUTO_INCREMENT=5;

--
-- AUTO_INCREMENT для таблицы `thread`
--
ALTER TABLE `thread`
  MODIFY `id` int NOT NULL AUTO_INCREMENT, AUTO_INCREMENT=25;

--
-- AUTO_INCREMENT для таблицы `topic`
--
ALTER TABLE `topic`
  MODIFY `id` int NOT NULL AUTO_INCREMENT, AUTO_INCREMENT=4;

--
-- AUTO_INCREMENT для таблицы `user`
--
ALTER TABLE `user`
  MODIFY `id` int NOT NULL AUTO_INCREMENT, AUTO_INCREMENT=367;

--
-- Ограничения внешнего ключа сохраненных таблиц
--

--
-- Ограничения внешнего ключа таблицы `groups`
--
ALTER TABLE `groups`
  ADD CONSTRAINT `groups_ibfk_1` FOREIGN KEY (`role_id`) REFERENCES `role` (`id`);

--
-- Ограничения внешнего ключа таблицы `thread`
--
ALTER TABLE `thread`
  ADD CONSTRAINT `thread_ibfk_3` FOREIGN KEY (`author_id`) REFERENCES `user` (`id`) ON DELETE CASCADE ON UPDATE CASCADE;

--
-- Ограничения внешнего ключа таблицы `user`
--
ALTER TABLE `user`
  ADD CONSTRAINT `user_ibfk_1` FOREIGN KEY (`group_id`) REFERENCES `groups` (`id`);
COMMIT;

/*!40101 SET CHARACTER_SET_CLIENT=@OLD_CHARACTER_SET_CLIENT */;
/*!40101 SET CHARACTER_SET_RESULTS=@OLD_CHARACTER_SET_RESULTS */;
/*!40101 SET COLLATION_CONNECTION=@OLD_COLLATION_CONNECTION */;
